[{"vendorid":"2","tpep_pickup_datetime":"2037-11-17T21:24:28.000","tpep_dropoff_datetime":"2037-11-17T21:46:03.000","passenger_count":"1","trip_distance":"2.99","ratecodeid":"1","store_and_fwd_flag":"N","pulocationid":"170","dolocationid":"143","payment_type":"1","fare_amount":"15","extra":"0.5","mta_tax":"0.5","tip_amount":"1.7","tolls_amount":"0","improvement_surcharge":"0.3","total_amount":"18"}
,{"vendorid":"2","tpep_pickup_datetime":"2037-11-17T21:24:28.000","tpep_dropoff_datetime":"2037-11-17T21:46:03.000","passenger_count":"1","trip_distance":"2.99","ratecodeid":"1","store_and_fwd_flag":"N","pulocationid":"170","dolocationid":"143","payment_type":"1","fare_amount":"15","extra":"0.5","mta_tax":"0.5","tip_amount":"1.7","tolls_amount":"0","improvement_surcharge":"0.3","total_amount":"18"}
,{"vendorid":"2","tpep_pickup_datetime":"2032-02-02T00:39:23.000","tpep_dropoff_datetime":"2032-02-02T01:11:39.000","passenger_count":"4","trip_distance":"23.21","ratecodeid":"1","store_and_fwd_flag":"N","pulocationid":"132","dolocationid":"228","payment_type":"2","fare_amount":"62","extra":"0.5","mta_tax":"0.5","tip_amount":"0","tolls_amount":"0","improvement_surcharge":"0.3","total_amount":"63.3"}
,{"vendorid":"2","tpep_pickup_datetime":"2031-02-13T17:36:35.000","tpep_dropoff_datetime":"2031-02-13T17:45:36.000","passenger_count":"1","trip_distance":"1.44","ratecodeid":"1","store_and_fwd_flag":"N","pulocationid":"236","dolocationid":"237","payment_type":"2","fare_amount":"8","extra":"1","mta_tax":"0.5","tip_amount":"0","tolls_amount":"0","improvement_surcharge":"0.3","total_amount":"9.8"}
,{"vendorid":"2","tpep_pickup_datetime":"2031-02-13T17:21:28.000","tpep_dropoff_datetime":"2031-02-13T17:35:36.000","passenger_count":"1","trip_distance":"1.69","ratecodeid":"1","store_and_fwd_flag":"N","pulocationid":"141","dolocationid":"236","payment_type":"2","fare_amount":"8","extra":"1","mta_tax":"0.5","tip_amount":"0","tolls_amount":"0","improvement_surcharge":"0.3","total_amount":"9.8"}
,{"vendorid":"2","tpep_pickup_datetime":"2029-05-06T20:43:14.000","tpep_dropoff_datetime":"2029-05-06T21:03:14.000","passenger_count":"4","trip_distance":"4.47","ratecodeid":"1","store_and_fwd_flag":"N","pulocationid":"162","dolocationid":"80","payment_type":"1","fare_amount":"17.5","extra":"0.5","mta_tax":"0.5","tip_amount":"4.91","tolls_amount":"5.76","improvement_surcharge":"0.3","total_amount":"29.47"}
,{"vendorid":"2","tpep_pickup_datetime":"2029-05-05T23:22:18.000","tpep_dropoff_datetime":"2029-05-06T02:02:00.000","passenger_count":"1","trip_distance":"11.51","ratecodeid":"1","store_and_fwd_flag":"N","pulocationid":"148","dolocationid":"244","payment_type":"1","fare_amount":"34.5","extra":"0.5","mta_tax":"0.5","tip_amount":"0","tolls_amount":"0","improvement_surcharge":"0.3","total_amount":"35.8"}
,{"vendorid":"2","tpep_pickup_datetime":"2026-02-13T11:53:54.000","tpep_dropoff_datetime":"2026-02-13T11:58:02.000","passenger_count":"2","trip_distance":"0.85","ratecodeid":"1","store_and_fwd_flag":"N","pulocationid":"161","dolocationid":"43","payment_type":"2","fare_amount":"5","extra":"1","mta_tax":"0.5","tip_amount":"0","tolls_amount":"0","improvement_surcharge":"0.3","total_amount":"6.8"}
,{"vendorid":"2","tpep_pickup_datetime":"2026-02-13T11:06:18.000","tpep_dropoff_datetime":"2026-02-13T18:26:09.000","passenger_count":"2","trip_distance":"3.14","ratecodeid":"1","store_and_fwd_flag":"N","pulocationid":"163","dolocationid":"246","payment_type":"2","fare_amount":"20","extra":"1","mta_tax":"0.5","tip_amount":"0","tolls_amount":"0","improvement_surcharge":"0.3","total_amount":"21.8"}
,{"vendorid":"2","tpep_pickup_datetime":"2021-09-13T12:19:52.000","tpep_dropoff_datetime":"2021-09-13T12:22:07.000","passenger_count":"1","trip_distance":"0.00","ratecodeid":"1","store_and_fwd_flag":"N","pulocationid":"193","dolocationid":"193","payment_type":"2","fare_amount":"0","extra":"0","mta_tax":"0","tip_amount":"0","tolls_amount":"0","improvement_surcharge":"0","total_amount":"0"}
,{"vendorid":"2","tpep_pickup_datetime":"2020-12-10T20:34:26.000","tpep_dropoff_datetime":"2020-12-10T20:54:46.000","passenger_count":"1","trip_distance":"4.62","ratecodeid":"1","store_and_fwd_flag":"N","pulocationid":"50","dolocationid":"231","payment_type":"2","fare_amount":"17.5","extra":"0.5","mta_tax":"0.5","tip_amount":"0","tolls_amount":"0","improvement_surcharge":"0.3","total_amount":"18.8"}
,{"vendorid":"2","tpep_pickup_datetime":"2020-12-10T20:23:43.000","tpep_dropoff_datetime":"2020-12-10T20:32:35.000","passenger_count":"1","trip_distance":"2.44","ratecodeid":"1","store_and_fwd_flag":"N","pulocationid":"90","dolocationid":"50","payment_type":"1","fare_amount":"9","extra":"0.5","mta_tax":"0.5","tip_amount":"2.06","tolls_amount":"0","improvement_surcharge":"0.3","total_amount":"12.36"}
,{"vendorid":"2","tpep_pickup_datetime":"2020-08-01T00:20:58.000","tpep_dropoff_datetime":"2020-08-01T00:47:09.000","passenger_count":"1","trip_distance":"16.71","ratecodeid":"1","store_and_fwd_flag":"N","pulocationid":"143","dolocationid":"138","payment_type":"1","fare_amount":"45.5","extra":"0","mta_tax":"0.5","tip_amount":"10.41","tolls_amount":"5.76","improvement_surcharge":"0.3","total_amount":"62.47"}
,{"vendorid":"2","tpep_pickup_datetime":"2020-08-01T00:07:04.000","tpep_dropoff_datetime":"2020-08-01T00:20:28.000","passenger_count":"1","trip_distance":"2.30","ratecodeid":"1","store_and_fwd_flag":"N","pulocationid":"238","dolocationid":"143","payment_type":"2","fare_amount":"11","extra":"0","mta_tax":"0.5","tip_amount":"0","tolls_amount":"0","improvement_surcharge":"0.3","total_amount":"11.8"}
,{"vendorid":"2","tpep_pickup_datetime":"2020-03-05T18:44:16.000","tpep_dropoff_datetime":"2020-03-06T15:14:32.000","passenger_count":"1","trip_distance":"2.39","ratecodeid":"1","store_and_fwd_flag":"N","pulocationid":"125","dolocationid":"161","payment_type":"2","fare_amount":"11","extra":"0","mta_tax":"0.5","tip_amount":"0","tolls_amount":"0","improvement_surcharge":"0.3","total_amount":"11.8"}
,{"vendorid":"2","tpep_pickup_datetime":"2020-03-05T18:44:16.000","tpep_dropoff_datetime":"2020-03-06T15:14:32.000","passenger_count":"1","trip_distance":"2.39","ratecodeid":"1","store_and_fwd_flag":"N","pulocationid":"125","dolocationid":"161","payment_type":"2","fare_amount":"11","extra":"0","mta_tax":"0.5","tip_amount":"0","tolls_amount":"0","improvement_surcharge":"0.3","total_amount":"11.8"}
,{"vendorid":"2","tpep_pickup_datetime":"2020-03-05T18:33:57.000","tpep_dropoff_datetime":"2020-03-05T18:40:39.000","passenger_count":"1","trip_distance":"1.04","ratecodeid":"1","store_and_fwd_flag":"N","pulocationid":"231","dolocationid":"125","payment_type":"1","fare_amount":"6.5","extra":"0","mta_tax":"0.5","tip_amount":"1.46","tolls_amount":"0","improvement_surcharge":"0.3","total_amount":"8.76"}
,{"vendorid":"2","tpep_pickup_datetime":"2020-03-05T18:33:57.000","tpep_dropoff_datetime":"2020-03-05T18:40:39.000","passenger_count":"1","trip_distance":"1.04","ratecodeid":"1","store_and_fwd_flag":"N","pulocationid":"231","dolocationid":"125","payment_type":"1","fare_amount":"6.5","extra":"0","mta_tax":"0.5","tip_amount":"1.46","tolls_amount":"0","improvement_surcharge":"0.3","total_amount":"8.76"}
,{"vendorid":"2","tpep_pickup_datetime":"2020-03-05T18:13:12.000","tpep_dropoff_datetime":"2020-03-05T18:21:27.000","passenger_count":"1","trip_distance":"1.26","ratecodeid":"1","store_and_fwd_flag":"N","pulocationid":"79","dolocationid":"45","payment_type":"2","fare_amount":"7.5","extra":"0","mta_tax":"0.5","tip_amount":"0","tolls_amount":"0","improvement_surcharge":"0.3","total_amount":"8.3"}
,{"vendorid":"2","tpep_pickup_datetime":"2020-03-05T18:13:12.000","tpep_dropoff_datetime":"2020-03-05T18:21:27.000","passenger_count":"1","trip_distance":"1.26","ratecodeid":"1","store_and_fwd_flag":"N","pulocationid":"79","dolocationid":"45","payment_type":"2","fare_amount":"7.5","extra":"0","mta_tax":"0.5","tip_amount":"0","tolls_amount":"0","improvement_surcharge":"0.3","total_amount":"8.3"}
,{"vendorid":"2","tpep_pickup_datetime":"2020-03-05T18:06:06.000","tpep_dropoff_datetime":"2020-03-05T18:11:37.000","passenger_count":"1","trip_distance":"0.90","ratecodeid":"1","store_and_fwd_flag":"N","pulocationid":"234","dolocationid":"79","payment_type":"1","fare_amount":"5.5","extra":"0","mta_tax":"0.5","tip_amount":"1.26","tolls_amount":"0","improvement_surcharge":"0.3","total_amount":"7.56"}
,{"vendorid":"2","tpep_pickup_datetime":"2020-03-05T18:06:06.000","tpep_dropoff_datetime":"2020-03-05T18:11:37.000","passenger_count":"1","trip_distance":"0.90","ratecodeid":"1","store_and_fwd_flag":"N","pulocationid":"234","dolocationid":"79","payment_type":"1","fare_amount":"5.5","extra":"0","mta_tax":"0.5","tip_amount":"1.26","tolls_amount":"0","improvement_surcharge":"0.3","total_amount":"7.56"}
,{"vendorid":"2","tpep_pickup_datetime":"2020-03-05T18:01:50.000","tpep_dropoff_datetime":"2020-03-05T18:05:26.000","passenger_count":"1","trip_distance":"0.49","ratecodeid":"1","store_and_fwd_flag":"N","pulocationid":"90","dolocationid":"234","payment_type":"2","fare_amount":"4.5","extra":"0","mta_tax":"0.5","tip_amount":"0","tolls_amount":"0","improvement_surcharge":"0.3","total_amount":"5.3"}
,{"vendorid":"2","tpep_pickup_datetime":"2020-03-05T18:01:50.000","tpep_dropoff_datetime":"2020-03-05T18:05:26.000","passenger_count":"1","trip_distance":"0.49","ratecodeid":"1","store_and_fwd_flag":"N","pulocationid":"90","dolocationid":"234","payment_type":"2","fare_amount":"4.5","extra":"0","mta_tax":"0.5","tip_amount":"0","tolls_amount":"0","improvement_surcharge":"0.3","total_amount":"5.3"}
,{"vendorid":"2","tpep_pickup_datetime":"2020-03-05T17:34:30.000","tpep_dropoff_datetime":"2020-03-05T17:40:27.000","passenger_count":"1","trip_distance":"1.13","ratecodeid":"1","store_and_fwd_flag":"N","pulocationid":"238","dolocationid":"143","payment_type":"1","fare_amount":"6.5","extra":"0","mta_tax":"0.5","tip_amount":"1.46","tolls_amount":"0","improvement_surcharge":"0.3","total_amount":"8.76"}
,{"vendorid":"2","tpep_pickup_datetime":"2020-03-05T17:34:30.000","tpep_dropoff_datetime":"2020-03-05T17:40:27.000","passenger_count":"1","trip_distance":"1.13","ratecodeid":"1","store_and_fwd_flag":"N","pulocationid":"238","dolocationid":"143","payment_type":"1","fare_amount":"6.5","extra":"0","mta_tax":"0.5","tip_amount":"1.46","tolls_amount":"0","improvement_surcharge":"0.3","total_amount":"8.76"}
,{"vendorid":"2","tpep_pickup_datetime":"2019-11-21T04:51:09.000","tpep_dropoff_datetime":"2019-11-21T04:54:11.000","passenger_count":"1","trip_distance":"0.00","ratecodeid":"5","store_and_fwd_flag":"N","pulocationid":"264","dolocationid":"264","payment_type":"2","fare_amount":"96","extra":"0","mta_tax":"0","tip_amount":"0","tolls_amount":"0","improvement_surcharge":"0.3","total_amount":"96.3"}
,{"vendorid":"2","tpep_pickup_datetime":"2019-11-21T03:48:17.000","tpep_dropoff_datetime":"2019-11-21T03:55:07.000","passenger_count":"5","trip_distance":"1.60","ratecodeid":"1","store_and_fwd_flag":"N","pulocationid":"264","dolocationid":"264","payment_type":"1","fare_amount":"7.5","extra":"0.5","mta_tax":"0.5","tip_amount":"1.76","tolls_amount":"0","improvement_surcharge":"0.3","total_amount":"10.56"}
,{"vendorid":"2","tpep_pickup_datetime":"2019-11-21T03:32:56.000","tpep_dropoff_datetime":"2019-11-21T03:36:02.000","passenger_count":"5","trip_distance":"0.78","ratecodeid":"1","store_and_fwd_flag":"N","pulocationid":"264","dolocationid":"264","payment_type":"1","fare_amount":"4.5","extra":"0.5","mta_tax":"0.5","tip_amount":"0","tolls_amount":"0","improvement_surcharge":"0.3","total_amount":"5.8"}
,{"vendorid":"2","tpep_pickup_datetime":"2019-11-21T02:58:53.000","tpep_dropoff_datetime":"2019-11-21T03:05:19.000","passenger_count":"5","trip_distance":"1.13","ratecodeid":"1","store_and_fwd_flag":"N","pulocationid":"264","dolocationid":"264","payment_type":"1","fare_amount":"6.5","extra":"0.5","mta_tax":"0.5","tip_amount":"0","tolls_amount":"0","improvement_surcharge":"0.3","total_amount":"7.8"}
,{"vendorid":"2","tpep_pickup_datetime":"2019-11-21T01:53:19.000","tpep_dropoff_datetime":"2019-11-21T02:18:39.000","passenger_count":"5","trip_distance":"9.44","ratecodeid":"1","store_and_fwd_flag":"N","pulocationid":"264","dolocationid":"264","payment_type":"2","fare_amount":"31","extra":"0.5","mta_tax":"0.5","tip_amount":"0","tolls_amount":"0","improvement_surcharge":"0.3","total_amount":"32.3"}
,{"vendorid":"2","tpep_pickup_datetime":"2019-11-20T22:10:22.000","tpep_dropoff_datetime":"2019-11-20T22:28:11.000","passenger_count":"5","trip_distance":"4.32","ratecodeid":"1","store_and_fwd_flag":"N","pulocationid":"264","dolocationid":"264","payment_type":"1","fare_amount":"16","extra":"0.5","mta_tax":"0.5","tip_amount":"1.7","tolls_amount":"0","improvement_surcharge":"0.3","total_amount":"19"}
,{"vendorid":"2","tpep_pickup_datetime":"2019-09-09T11:33:53.000","tpep_dropoff_datetime":"2019-09-09T15:10:50.000","passenger_count":"1","trip_distance":"1.10","ratecodeid":"1","store_and_fwd_flag":"N","pulocationid":"162","dolocationid":"141","payment_type":"1","fare_amount":"8","extra":"0","mta_tax":"0.5","tip_amount":"1.2","tolls_amount":"0","improvement_surcharge":"0.3","total_amount":"10"}
,{"vendorid":"2","tpep_pickup_datetime":"2019-09-09T11:33:53.000","tpep_dropoff_datetime":"2019-09-09T15:10:50.000","passenger_count":"1","trip_distance":"1.10","ratecodeid":"1","store_and_fwd_flag":"N","pulocationid":"162","dolocationid":"141","payment_type":"1","fare_amount":"8","extra":"0","mta_tax":"0.5","tip_amount":"1.2","tolls_amount":"0","improvement_surcharge":"0.3","total_amount":"10"}
,{"vendorid":"2","tpep_pickup_datetime":"2019-09-09T11:07:13.000","tpep_dropoff_datetime":"2019-09-09T11:26:59.000","passenger_count":"1","trip_distance":"2.30","ratecodeid":"1","store_and_fwd_flag":"N","pulocationid":"43","dolocationid":"170","payment_type":"2","fare_amount":"13.5","extra":"0","mta_tax":"0.5","tip_amount":"0","tolls_amount":"0","improvement_surcharge":"0.3","total_amount":"14.3"}
,{"vendorid":"2","tpep_pickup_datetime":"2019-09-09T11:07:13.000","tpep_dropoff_datetime":"2019-09-09T11:26:59.000","passenger_count":"1","trip_distance":"2.30","ratecodeid":"1","store_and_fwd_flag":"N","pulocationid":"43","dolocationid":"170","payment_type":"2","fare_amount":"13.5","extra":"0","mta_tax":"0.5","tip_amount":"0","tolls_amount":"0","improvement_surcharge":"0.3","total_amount":"14.3"}
,{"vendorid":"2","tpep_pickup_datetime":"2019-09-09T10:42:03.000","tpep_dropoff_datetime":"2019-09-09T10:53:56.000","passenger_count":"1","trip_distance":"1.96","ratecodeid":"1","store_and_fwd_flag":"N","pulocationid":"237","dolocationid":"236","payment_type":"1","fare_amount":"9.5","extra":"0","mta_tax":"0.5","tip_amount":"2.06","tolls_amount":"0","improvement_surcharge":"0.3","total_amount":"12.36"}
,{"vendorid":"2","tpep_pickup_datetime":"2019-09-09T10:42:03.000","tpep_dropoff_datetime":"2019-09-09T10:53:56.000","passenger_count":"1","trip_distance":"1.96","ratecodeid":"1","store_and_fwd_flag":"N","pulocationid":"237","dolocationid":"236","payment_type":"1","fare_amount":"9.5","extra":"0","mta_tax":"0.5","tip_amount":"2.06","tolls_amount":"0","improvement_surcharge":"0.3","total_amount":"12.36"}
,{"vendorid":"2","tpep_pickup_datetime":"2019-09-09T10:19:44.000","tpep_dropoff_datetime":"2019-09-09T10:31:26.000","passenger_count":"1","trip_distance":"0.93","ratecodeid":"1","store_and_fwd_flag":"N","pulocationid":"162","dolocationid":"170","payment_type":"1","fare_amount":"8.5","extra":"0","mta_tax":"0.5","tip_amount":"1","tolls_amount":"0","improvement_surcharge":"0.3","total_amount":"10.3"}
,{"vendorid":"2","tpep_pickup_datetime":"2019-09-09T10:19:44.000","tpep_dropoff_datetime":"2019-09-09T10:31:26.000","passenger_count":"1","trip_distance":"0.93","ratecodeid":"1","store_and_fwd_flag":"N","pulocationid":"162","dolocationid":"170","payment_type":"1","fare_amount":"8.5","extra":"0","mta_tax":"0.5","tip_amount":"1","tolls_amount":"0","improvement_surcharge":"0.3","total_amount":"10.3"}
,{"vendorid":"2","tpep_pickup_datetime":"2019-09-09T09:44:31.000","tpep_dropoff_datetime":"2019-09-09T09:50:15.000","passenger_count":"1","trip_distance":"0.94","ratecodeid":"1","store_and_fwd_flag":"N","pulocationid":"211","dolocationid":"113","payment_type":"2","fare_amount":"5.5","extra":"0","mta_tax":"0.5","tip_amount":"0","tolls_amount":"0","improvement_surcharge":"0.3","total_amount":"6.3"}
,{"vendorid":"2","tpep_pickup_datetime":"2019-09-09T09:44:31.000","tpep_dropoff_datetime":"2019-09-09T09:50:15.000","passenger_count":"1","trip_distance":"0.94","ratecodeid":"1","store_and_fwd_flag":"N","pulocationid":"211","dolocationid":"113","payment_type":"2","fare_amount":"5.5","extra":"0","mta_tax":"0.5","tip_amount":"0","tolls_amount":"0","improvement_surcharge":"0.3","total_amount":"6.3"}
,{"vendorid":"2","tpep_pickup_datetime":"2019-06-28T19:07:53.000","tpep_dropoff_datetime":"2019-06-28T19:38:18.000","passenger_count":"1","trip_distance":"6.20","ratecodeid":"1","store_and_fwd_flag":"N","pulocationid":"79","dolocationid":"61","payment_type":"2","fare_amount":"24","extra":"0.5","mta_tax":"0.5","tip_amount":"0","tolls_amount":"0","improvement_surcharge":"0.3","total_amount":"25.3"}
,{"vendorid":"2","tpep_pickup_datetime":"2019-06-28T18:48:49.000","tpep_dropoff_datetime":"2019-06-28T19:02:17.000","passenger_count":"1","trip_distance":"1.67","ratecodeid":"1","store_and_fwd_flag":"N","pulocationid":"114","dolocationid":"224","payment_type":"2","fare_amount":"9.5","extra":"0.5","mta_tax":"0.5","tip_amount":"0","tolls_amount":"0","improvement_surcharge":"0.3","total_amount":"10.8"}
,{"vendorid":"2","tpep_pickup_datetime":"2019-06-28T18:31:15.000","tpep_dropoff_datetime":"2019-06-28T18:36:37.000","passenger_count":"1","trip_distance":"1.17","ratecodeid":"1","store_and_fwd_flag":"N","pulocationid":"125","dolocationid":"68","payment_type":"2","fare_amount":"6","extra":"0.5","mta_tax":"0.5","tip_amount":"0","tolls_amount":"0","improvement_surcharge":"0.3","total_amount":"7.3"}
,{"vendorid":"2","tpep_pickup_datetime":"2019-06-28T18:02:30.000","tpep_dropoff_datetime":"2019-06-28T18:18:16.000","passenger_count":"1","trip_distance":"2.60","ratecodeid":"1","store_and_fwd_flag":"N","pulocationid":"249","dolocationid":"261","payment_type":"2","fare_amount":"12","extra":"0.5","mta_tax":"0.5","tip_amount":"0","tolls_amount":"0","improvement_surcharge":"0.3","total_amount":"13.3"}
,{"vendorid":"2","tpep_pickup_datetime":"2019-06-28T17:20:53.000","tpep_dropoff_datetime":"2019-06-28T17:30:48.000","passenger_count":"1","trip_distance":"1.61","ratecodeid":"1","store_and_fwd_flag":"N","pulocationid":"114","dolocationid":"231","payment_type":"2","fare_amount":"8.5","extra":"0.5","mta_tax":"0.5","tip_amount":"0","tolls_amount":"0","improvement_surcharge":"0.3","total_amount":"9.8"}
,{"vendorid":"2","tpep_pickup_datetime":"2019-06-28T17:06:17.000","tpep_dropoff_datetime":"2019-06-28T17:14:13.000","passenger_count":"1","trip_distance":"1.30","ratecodeid":"1","store_and_fwd_flag":"N","pulocationid":"234","dolocationid":"4","payment_type":"2","fare_amount":"7.5","extra":"0.5","mta_tax":"0.5","tip_amount":"0","tolls_amount":"0","improvement_surcharge":"0.3","total_amount":"8.8"}
,{"vendorid":"2","tpep_pickup_datetime":"2019-06-28T16:33:22.000","tpep_dropoff_datetime":"2019-06-28T16:48:00.000","passenger_count":"1","trip_distance":"2.08","ratecodeid":"1","store_and_fwd_flag":"N","pulocationid":"236","dolocationid":"162","payment_type":"2","fare_amount":"10.5","extra":"0.5","mta_tax":"0.5","tip_amount":"0","tolls_amount":"0","improvement_surcharge":"0.3","total_amount":"11.8"}
,{"vendorid":"2","tpep_pickup_datetime":"2019-06-28T15:51:20.000","tpep_dropoff_datetime":"2019-06-28T16:09:29.000","passenger_count":"1","trip_distance":"5.11","ratecodeid":"1","store_and_fwd_flag":"N","pulocationid":"148","dolocationid":"262","payment_type":"2","fare_amount":"18","extra":"1","mta_tax":"0.5","tip_amount":"0","tolls_amount":"0","improvement_surcharge":"0.3","total_amount":"19.8"}
,{"vendorid":"2","tpep_pickup_datetime":"2019-06-28T14:54:47.000","tpep_dropoff_datetime":"2019-06-28T15:23:19.000","passenger_count":"1","trip_distance":"7.47","ratecodeid":"1","store_and_fwd_flag":"N","pulocationid":"237","dolocationid":"160","payment_type":"2","fare_amount":"26.5","extra":"1","mta_tax":"0.5","tip_amount":"0","tolls_amount":"0","improvement_surcharge":"0.3","total_amount":"28.3"}
,{"vendorid":"2","tpep_pickup_datetime":"2019-06-28T14:35:53.000","tpep_dropoff_datetime":"2019-06-28T14:40:22.000","passenger_count":"1","trip_distance":"0.42","ratecodeid":"1","store_and_fwd_flag":"N","pulocationid":"262","dolocationid":"140","payment_type":"2","fare_amount":"4.5","extra":"1","mta_tax":"0.5","tip_amount":"0","tolls_amount":"0","improvement_surcharge":"0.3","total_amount":"6.3"}
,{"vendorid":"2","tpep_pickup_datetime":"2019-06-28T14:21:03.000","tpep_dropoff_datetime":"2019-06-28T14:31:02.000","passenger_count":"1","trip_distance":"1.48","ratecodeid":"1","store_and_fwd_flag":"N","pulocationid":"237","dolocationid":"140","payment_type":"1","fare_amount":"8","extra":"1","mta_tax":"0.5","tip_amount":"1.5","tolls_amount":"0","improvement_surcharge":"0.3","total_amount":"11.3"}
,{"vendorid":"2","tpep_pickup_datetime":"2019-06-28T13:42:27.000","tpep_dropoff_datetime":"2019-06-28T13:47:51.000","passenger_count":"1","trip_distance":"0.71","ratecodeid":"1","store_and_fwd_flag":"N","pulocationid":"262","dolocationid":"141","payment_type":"1","fare_amount":"5.5","extra":"1","mta_tax":"0.5","tip_amount":"1","tolls_amount":"0","improvement_surcharge":"0.3","total_amount":"8.3"}
,{"vendorid":"2","tpep_pickup_datetime":"2019-06-28T13:26:09.000","tpep_dropoff_datetime":"2019-06-28T13:33:02.000","passenger_count":"1","trip_distance":"0.88","ratecodeid":"1","store_and_fwd_flag":"N","pulocationid":"238","dolocationid":"236","payment_type":"1","fare_amount":"6.5","extra":"1","mta_tax":"0.5","tip_amount":"1","tolls_amount":"0","improvement_surcharge":"0.3","total_amount":"9.3"}
,{"vendorid":"2","tpep_pickup_datetime":"2019-06-28T13:09:08.000","tpep_dropoff_datetime":"2019-06-28T13:17:03.000","passenger_count":"1","trip_distance":"1.31","ratecodeid":"1","store_and_fwd_flag":"N","pulocationid":"236","dolocationid":"239","payment_type":"1","fare_amount":"7.5","extra":"1","mta_tax":"0.5","tip_amount":"2.79","tolls_amount":"0","improvement_surcharge":"0.3","total_amount":"12.09"}
,{"vendorid":"2","tpep_pickup_datetime":"2019-06-28T13:00:08.000","tpep_dropoff_datetime":"2019-06-28T13:07:03.000","passenger_count":"1","trip_distance":"0.85","ratecodeid":"1","store_and_fwd_flag":"N","pulocationid":"140","dolocationid":"237","payment_type":"1","fare_amount":"6.5","extra":"1","mta_tax":"0.5","tip_amount":"1","tolls_amount":"0","improvement_surcharge":"0.3","total_amount":"9.3"}
,{"vendorid":"2","tpep_pickup_datetime":"2019-05-10T08:16:22.000","tpep_dropoff_datetime":"2019-05-10T15:28:19.000","passenger_count":"1","trip_distance":"1.45","ratecodeid":"1","store_and_fwd_flag":"N","pulocationid":"161","dolocationid":"137","payment_type":"1","fare_amount":"8.5","extra":"1","mta_tax":"0.5","tip_amount":"2.06","tolls_amount":"0","improvement_surcharge":"0.3","total_amount":"12.36"}
,{"vendorid":"2","tpep_pickup_datetime":"2019-05-10T07:55:57.000","tpep_dropoff_datetime":"2019-05-10T08:06:38.000","passenger_count":"1","trip_distance":"1.54","ratecodeid":"1","store_and_fwd_flag":"N","pulocationid":"236","dolocationid":"162","payment_type":"1","fare_amount":"9","extra":"1","mta_tax":"0.5","tip_amount":"1.5","tolls_amount":"0","improvement_surcharge":"0.3","total_amount":"12.3"}
,{"vendorid":"2","tpep_pickup_datetime":"2019-05-10T07:30:30.000","tpep_dropoff_datetime":"2019-05-10T07:52:19.000","passenger_count":"1","trip_distance":"3.21","ratecodeid":"1","store_and_fwd_flag":"N","pulocationid":"164","dolocationid":"236","payment_type":"1","fare_amount":"15.5","extra":"1","mta_tax":"0.5","tip_amount":"2","tolls_amount":"0","improvement_surcharge":"0.3","total_amount":"19.3"}
,{"vendorid":"2","tpep_pickup_datetime":"2019-05-07T01:21:01.000","tpep_dropoff_datetime":"2019-05-07T01:50:19.000","passenger_count":"5","trip_distance":"17.51","ratecodeid":"2","store_and_fwd_flag":"N","pulocationid":"132","dolocationid":"229","payment_type":"1","fare_amount":"52","extra":"0","mta_tax":"0.5","tip_amount":"17.57","tolls_amount":"5.76","improvement_surcharge":"0.3","total_amount":"76.13"}
,{"vendorid":"2","tpep_pickup_datetime":"2019-05-05T01:32:40.000","tpep_dropoff_datetime":"2019-05-05T01:39:56.000","passenger_count":"2","trip_distance":"1.25","ratecodeid":"1","store_and_fwd_flag":"N","pulocationid":"114","dolocationid":"79","payment_type":"1","fare_amount":"6.5","extra":"0.5","mta_tax":"0.5","tip_amount":"1.95","tolls_amount":"0","improvement_surcharge":"0.3","total_amount":"9.75"}
,{"vendorid":"2","tpep_pickup_datetime":"2019-05-05T01:10:26.000","tpep_dropoff_datetime":"2019-05-05T01:23:21.000","passenger_count":"2","trip_distance":"2.38","ratecodeid":"1","store_and_fwd_flag":"N","pulocationid":"87","dolocationid":"234","payment_type":"2","fare_amount":"10.5","extra":"0.5","mta_tax":"0.5","tip_amount":"0","tolls_amount":"0","improvement_surcharge":"0.3","total_amount":"11.8"}
,{"vendorid":"2","tpep_pickup_datetime":"2019-04-28T17:07:42.000","tpep_dropoff_datetime":"2019-04-28T17:10:45.000","passenger_count":"1","trip_distance":"0.62","ratecodeid":"1","store_and_fwd_flag":"N","pulocationid":"229","dolocationid":"162","payment_type":"1","fare_amount":"4.5","extra":"0.5","mta_tax":"0.5","tip_amount":"1.45","tolls_amount":"0","improvement_surcharge":"0.3","total_amount":"7.25"}
,{"vendorid":"2","tpep_pickup_datetime":"2019-04-19T00:05:57.000","tpep_dropoff_datetime":"2019-04-19T00:09:35.000","passenger_count":"1","trip_distance":"0.34","ratecodeid":"1","store_and_fwd_flag":"N","pulocationid":"237","dolocationid":"237","payment_type":"2","fare_amount":"4","extra":"1","mta_tax":"0.5","tip_amount":"0","tolls_amount":"0","improvement_surcharge":"0.3","total_amount":"5.8"}
,{"vendorid":"2","tpep_pickup_datetime":"2019-04-13T17:53:44.000","tpep_dropoff_datetime":"2019-04-14T00:59:01.000","passenger_count":"2","trip_distance":"1.29","ratecodeid":"1","store_and_fwd_flag":"N","pulocationid":"13","dolocationid":"87","payment_type":"1","fare_amount":"6","extra":"1","mta_tax":"0.5","tip_amount":"1.56","tolls_amount":"0","improvement_surcharge":"0.3","total_amount":"9.36"}
,{"vendorid":"2","tpep_pickup_datetime":"2019-04-13T17:34:44.000","tpep_dropoff_datetime":"2019-04-13T17:43:55.000","passenger_count":"2","trip_distance":"1.63","ratecodeid":"1","store_and_fwd_flag":"N","pulocationid":"249","dolocationid":"261","payment_type":"1","fare_amount":"8","extra":"1","mta_tax":"0.5","tip_amount":"2.45","tolls_amount":"0","improvement_surcharge":"0.3","total_amount":"12.25"}
,{"vendorid":"2","tpep_pickup_datetime":"2019-04-13T17:14:27.000","tpep_dropoff_datetime":"2019-04-13T17:30:21.000","passenger_count":"2","trip_distance":"1.90","ratecodeid":"1","store_and_fwd_flag":"N","pulocationid":"137","dolocationid":"249","payment_type":"2","fare_amount":"11","extra":"1","mta_tax":"0.5","tip_amount":"0","tolls_amount":"0","improvement_surcharge":"0.3","total_amount":"12.8"}
,{"vendorid":"2","tpep_pickup_datetime":"2019-04-13T17:05:15.000","tpep_dropoff_datetime":"2019-04-13T17:13:32.000","passenger_count":"2","trip_distance":"1.37","ratecodeid":"1","store_and_fwd_flag":"N","pulocationid":"233","dolocationid":"137","payment_type":"1","fare_amount":"7.5","extra":"1","mta_tax":"0.5","tip_amount":"1.25","tolls_amount":"0","improvement_surcharge":"0.3","total_amount":"10.55"}
,{"vendorid":"2","tpep_pickup_datetime":"2019-04-07T09:49:57.000","tpep_dropoff_datetime":"2019-04-07T10:01:03.000","passenger_count":"1","trip_distance":"1.60","ratecodeid":"1","store_and_fwd_flag":"N","pulocationid":"170","dolocationid":"229","payment_type":"2","fare_amount":"9","extra":"0.5","mta_tax":"0.5","tip_amount":"0","tolls_amount":"0","improvement_surcharge":"0.3","total_amount":"10.3"}
,{"vendorid":"2","tpep_pickup_datetime":"2019-04-07T09:37:57.000","tpep_dropoff_datetime":"2019-04-07T09:46:04.000","passenger_count":"1","trip_distance":"1.57","ratecodeid":"1","store_and_fwd_flag":"N","pulocationid":"230","dolocationid":"234","payment_type":"1","fare_amount":"7.5","extra":"0.5","mta_tax":"0.5","tip_amount":"1.76","tolls_amount":"0","improvement_surcharge":"0.3","total_amount":"10.56"}
,{"vendorid":"2","tpep_pickup_datetime":"2019-04-07T09:29:33.000","tpep_dropoff_datetime":"2019-04-07T09:35:22.000","passenger_count":"1","trip_distance":"1.08","ratecodeid":"1","store_and_fwd_flag":"N","pulocationid":"246","dolocationid":"230","payment_type":"1","fare_amount":"6","extra":"0.5","mta_tax":"0.5","tip_amount":"1.82","tolls_amount":"0","improvement_surcharge":"0.3","total_amount":"9.12"}
,{"vendorid":"2","tpep_pickup_datetime":"2019-04-07T09:14:15.000","tpep_dropoff_datetime":"2019-04-07T09:24:03.000","passenger_count":"1","trip_distance":"1.41","ratecodeid":"1","store_and_fwd_flag":"N","pulocationid":"142","dolocationid":"50","payment_type":"2","fare_amount":"8","extra":"0.5","mta_tax":"0.5","tip_amount":"0","tolls_amount":"0","improvement_surcharge":"0.3","total_amount":"9.3"}
,{"vendorid":"2","tpep_pickup_datetime":"2019-03-25T09:37:07.000","tpep_dropoff_datetime":"2019-03-25T17:06:31.000","passenger_count":"5","trip_distance":"13.24","ratecodeid":"1","store_and_fwd_flag":"N","pulocationid":"70","dolocationid":"62","payment_type":"1","fare_amount":"38","extra":"0.5","mta_tax":"0.5","tip_amount":"7.86","tolls_amount":"0","improvement_surcharge":"0.3","total_amount":"47.16"}
,{"vendorid":"2","tpep_pickup_datetime":"2019-03-24T12:02:19.000","tpep_dropoff_datetime":"2019-03-24T12:51:00.000","passenger_count":"1","trip_distance":"28.12","ratecodeid":"2","store_and_fwd_flag":"N","pulocationid":"13","dolocationid":"132","payment_type":"1","fare_amount":"52","extra":"0","mta_tax":"0.5","tip_amount":"10","tolls_amount":"5.76","improvement_surcharge":"0.3","total_amount":"68.56"}
,{"vendorid":"2","tpep_pickup_datetime":"2019-03-23T09:36:59.000","tpep_dropoff_datetime":"2019-03-23T16:58:33.000","passenger_count":"2","trip_distance":"8.86","ratecodeid":"1","store_and_fwd_flag":"N","pulocationid":"138","dolocationid":"233","payment_type":"1","fare_amount":"26.5","extra":"1","mta_tax":"0.5","tip_amount":"6.81","tolls_amount":"5.76","improvement_surcharge":"0.3","total_amount":"40.87"}
,{"vendorid":"2","tpep_pickup_datetime":"2019-03-21T16:24:52.000","tpep_dropoff_datetime":"2019-03-21T16:47:01.000","passenger_count":"5","trip_distance":"4.49","ratecodeid":"1","store_and_fwd_flag":"N","pulocationid":"236","dolocationid":"113","payment_type":"1","fare_amount":"18","extra":"0.5","mta_tax":"0.5","tip_amount":"3.86","tolls_amount":"0","improvement_surcharge":"0.3","total_amount":"23.16"}
,{"vendorid":"2","tpep_pickup_datetime":"2019-03-21T16:10:59.000","tpep_dropoff_datetime":"2019-03-21T16:19:22.000","passenger_count":"5","trip_distance":"1.95","ratecodeid":"1","store_and_fwd_flag":"N","pulocationid":"236","dolocationid":"75","payment_type":"2","fare_amount":"8.5","extra":"0.5","mta_tax":"0.5","tip_amount":"0","tolls_amount":"0","improvement_surcharge":"0.3","total_amount":"9.8"}
,{"vendorid":"2","tpep_pickup_datetime":"2019-03-17T01:38:09.000","tpep_dropoff_datetime":"2019-03-17T02:00:03.000","passenger_count":"1","trip_distance":"4.24","ratecodeid":"1","store_and_fwd_flag":"N","pulocationid":"170","dolocationid":"238","payment_type":"1","fare_amount":"17.5","extra":"0.5","mta_tax":"0.5","tip_amount":"4.7","tolls_amount":"0","improvement_surcharge":"0.3","total_amount":"23.5"}
,{"vendorid":"2","tpep_pickup_datetime":"2019-03-17T01:26:07.000","tpep_dropoff_datetime":"2019-03-17T01:30:28.000","passenger_count":"1","trip_distance":"0.70","ratecodeid":"1","store_and_fwd_flag":"N","pulocationid":"113","dolocationid":"234","payment_type":"2","fare_amount":"5","extra":"0.5","mta_tax":"0.5","tip_amount":"0","tolls_amount":"0","improvement_surcharge":"0.3","total_amount":"6.3"}
,{"vendorid":"2","tpep_pickup_datetime":"2019-03-17T01:13:50.000","tpep_dropoff_datetime":"2019-03-17T01:19:25.000","passenger_count":"1","trip_distance":"1.22","ratecodeid":"1","store_and_fwd_flag":"N","pulocationid":"113","dolocationid":"249","payment_type":"1","fare_amount":"6","extra":"0.5","mta_tax":"0.5","tip_amount":"1.46","tolls_amount":"0","improvement_surcharge":"0.3","total_amount":"8.76"}
,{"vendorid":"2","tpep_pickup_datetime":"2019-03-17T01:04:30.000","tpep_dropoff_datetime":"2019-03-17T01:10:43.000","passenger_count":"1","trip_distance":"1.23","ratecodeid":"1","store_and_fwd_flag":"N","pulocationid":"231","dolocationid":"113","payment_type":"1","fare_amount":"6.5","extra":"1","mta_tax":"0.5","tip_amount":"1.24","tolls_amount":"0","improvement_surcharge":"0.3","total_amount":"9.54"}
,{"vendorid":"2","tpep_pickup_datetime":"2019-03-13T06:50:11.000","tpep_dropoff_datetime":"2019-03-13T06:55:53.000","passenger_count":"1","trip_distance":"1.02","ratecodeid":"1","store_and_fwd_flag":"N","pulocationid":"43","dolocationid":"238","payment_type":"1","fare_amount":"6","extra":"0","mta_tax":"0.5","tip_amount":"1.36","tolls_amount":"0","improvement_surcharge":"0.3","total_amount":"8.16"}
,{"vendorid":"2","tpep_pickup_datetime":"2019-03-12T23:36:56.000","tpep_dropoff_datetime":"2019-03-13T07:16:34.000","passenger_count":"1","trip_distance":"5.27","ratecodeid":"1","store_and_fwd_flag":"N","pulocationid":"100","dolocationid":"7","payment_type":"2","fare_amount":"26.5","extra":"0","mta_tax":"0.5","tip_amount":"0","tolls_amount":"0","improvement_surcharge":"0.3","total_amount":"27.3"}
,{"vendorid":"2","tpep_pickup_datetime":"2019-03-12T23:28:13.000","tpep_dropoff_datetime":"2019-03-12T23:34:55.000","passenger_count":"1","trip_distance":"0.86","ratecodeid":"1","store_and_fwd_flag":"N","pulocationid":"234","dolocationid":"164","payment_type":"1","fare_amount":"6","extra":"0","mta_tax":"0.5","tip_amount":"1.7","tolls_amount":"0","improvement_surcharge":"0.3","total_amount":"8.5"}
,{"vendorid":"2","tpep_pickup_datetime":"2019-03-12T23:12:48.000","tpep_dropoff_datetime":"2019-03-12T23:23:38.000","passenger_count":"1","trip_distance":"1.10","ratecodeid":"1","store_and_fwd_flag":"N","pulocationid":"137","dolocationid":"113","payment_type":"1","fare_amount":"8.5","extra":"0","mta_tax":"0.5","tip_amount":"1.86","tolls_amount":"0","improvement_surcharge":"0.3","total_amount":"11.16"}
,{"vendorid":"2","tpep_pickup_datetime":"2019-03-07T06:25:03.000","tpep_dropoff_datetime":"2019-03-07T15:25:31.000","passenger_count":"1","trip_distance":"8.66","ratecodeid":"1","store_and_fwd_flag":"N","pulocationid":"163","dolocationid":"54","payment_type":"1","fare_amount":"38","extra":"0","mta_tax":"0.5","tip_amount":"7.76","tolls_amount":"0","improvement_surcharge":"0.3","total_amount":"46.56"}
,{"vendorid":"2","tpep_pickup_datetime":"2019-03-04T12:35:59.000","tpep_dropoff_datetime":"2019-03-04T13:07:03.000","passenger_count":"2","trip_distance":"5.52","ratecodeid":"1","store_and_fwd_flag":"N","pulocationid":"50","dolocationid":"179","payment_type":"1","fare_amount":"23","extra":"0","mta_tax":"0.5","tip_amount":"0","tolls_amount":"0","improvement_surcharge":"0.3","total_amount":"23.8"}
,{"vendorid":"2","tpep_pickup_datetime":"2019-03-04T00:13:56.000","tpep_dropoff_datetime":"2019-03-04T00:32:39.000","passenger_count":"5","trip_distance":"11.94","ratecodeid":"1","store_and_fwd_flag":"N","pulocationid":"70","dolocationid":"265","payment_type":"2","fare_amount":"32.5","extra":"0","mta_tax":"0.5","tip_amount":"0","tolls_amount":"0","improvement_surcharge":"0.3","total_amount":"33.3"}
,{"vendorid":"2","tpep_pickup_datetime":"2019-03-03T03:27:20.000","tpep_dropoff_datetime":"2019-03-03T12:01:14.000","passenger_count":"1","trip_distance":"6.37","ratecodeid":"1","store_and_fwd_flag":"N","pulocationid":"170","dolocationid":"13","payment_type":"1","fare_amount":"27","extra":"0","mta_tax":"0.5","tip_amount":"4.5","tolls_amount":"0","improvement_surcharge":"0.3","total_amount":"32.3"}
,{"vendorid":"2","tpep_pickup_datetime":"2019-03-03T03:08:07.000","tpep_dropoff_datetime":"2019-03-03T03:20:33.000","passenger_count":"1","trip_distance":"0.92","ratecodeid":"1","store_and_fwd_flag":"N","pulocationid":"161","dolocationid":"170","payment_type":"1","fare_amount":"8.5","extra":"0","mta_tax":"0.5","tip_amount":"1.86","tolls_amount":"0","improvement_surcharge":"0.3","total_amount":"11.16"}
,{"vendorid":"2","tpep_pickup_datetime":"2019-03-02T00:21:41.000","tpep_dropoff_datetime":"2019-03-02T09:00:42.000","passenger_count":"2","trip_distance":"9.75","ratecodeid":"1","store_and_fwd_flag":"N","pulocationid":"161","dolocationid":"138","payment_type":"1","fare_amount":"34","extra":"1","mta_tax":"0.5","tip_amount":"8","tolls_amount":"5.76","improvement_surcharge":"0.3","total_amount":"49.56"}
,{"vendorid":"2","tpep_pickup_datetime":"2019-03-01T01:07:25.000","tpep_dropoff_datetime":"2019-03-01T09:45:50.000","passenger_count":"2","trip_distance":"14.54","ratecodeid":"1","store_and_fwd_flag":"N","pulocationid":"100","dolocationid":"51","payment_type":"1","fare_amount":"43.5","extra":"0.5","mta_tax":"0.5","tip_amount":"0","tolls_amount":"0","improvement_surcharge":"0.3","total_amount":"44.8"}
,{"vendorid":"2","tpep_pickup_datetime":"2019-02-28T07:41:58.000","tpep_dropoff_datetime":"2019-02-28T07:55:33.000","passenger_count":"5","trip_distance":"4.33","ratecodeid":"1","store_and_fwd_flag":"N","pulocationid":"186","dolocationid":"238","payment_type":"2","fare_amount":"15","extra":"1","mta_tax":"0.5","tip_amount":"0","tolls_amount":"0","improvement_surcharge":"0.3","total_amount":"16.8"}
,{"vendorid":"2","tpep_pickup_datetime":"2019-02-28T07:03:51.000","tpep_dropoff_datetime":"2019-02-28T07:13:14.000","passenger_count":"5","trip_distance":"1.75","ratecodeid":"1","store_and_fwd_flag":"N","pulocationid":"230","dolocationid":"68","payment_type":"2","fare_amount":"8","extra":"1","mta_tax":"0.5","tip_amount":"0","tolls_amount":"0","improvement_surcharge":"0.3","total_amount":"9.8"}
,{"vendorid":"2","tpep_pickup_datetime":"2019-02-25T07:15:01.000","tpep_dropoff_datetime":"2019-02-25T07:22:26.000","passenger_count":"2","trip_distance":"1.48","ratecodeid":"1","store_and_fwd_flag":"N","pulocationid":"42","dolocationid":"116","payment_type":"2","fare_amount":"7.5","extra":"0.5","mta_tax":"0.5","tip_amount":"0","tolls_amount":"0","improvement_surcharge":"0.3","total_amount":"8.8"}
,{"vendorid":"2","tpep_pickup_datetime":"2019-02-24T05:57:25.000","tpep_dropoff_datetime":"2019-02-24T14:11:37.000","passenger_count":"1","trip_distance":"2.21","ratecodeid":"1","store_and_fwd_flag":"N","pulocationid":"137","dolocationid":"163","payment_type":"1","fare_amount":"10.5","extra":"0.5","mta_tax":"0.5","tip_amount":"2.36","tolls_amount":"0","improvement_surcharge":"0.3","total_amount":"14.16"}
,{"vendorid":"2","tpep_pickup_datetime":"2019-02-24T05:27:39.000","tpep_dropoff_datetime":"2019-02-24T05:31:59.000","passenger_count":"1","trip_distance":"0.36","ratecodeid":"1","store_and_fwd_flag":"N","pulocationid":"234","dolocationid":"137","payment_type":"1","fare_amount":"4.5","extra":"0.5","mta_tax":"0.5","tip_amount":"1.16","tolls_amount":"0","improvement_surcharge":"0.3","total_amount":"6.96"}
,{"vendorid":"2","tpep_pickup_datetime":"2019-02-23T16:48:38.000","tpep_dropoff_datetime":"2019-02-23T17:01:14.000","passenger_count":"1","trip_distance":"2.04","ratecodeid":"1","store_and_fwd_flag":"N","pulocationid":"107","dolocationid":"231","payment_type":"1","fare_amount":"10","extra":"1","mta_tax":"0.5","tip_amount":"2.95","tolls_amount":"0","improvement_surcharge":"0.3","total_amount":"14.75"}
,{"vendorid":"2","tpep_pickup_datetime":"2019-02-23T16:38:23.000","tpep_dropoff_datetime":"2019-02-23T16:46:14.000","passenger_count":"1","trip_distance":"0.91","ratecodeid":"1","store_and_fwd_flag":"N","pulocationid":"100","dolocationid":"234","payment_type":"2","fare_amount":"6.5","extra":"1","mta_tax":"0.5","tip_amount":"0","tolls_amount":"0","improvement_surcharge":"0.3","total_amount":"8.3"}
,{"vendorid":"2","tpep_pickup_datetime":"2019-02-23T16:27:08.000","tpep_dropoff_datetime":"2019-02-23T16:31:56.000","passenger_count":"1","trip_distance":"0.78","ratecodeid":"1","store_and_fwd_flag":"N","pulocationid":"48","dolocationid":"68","payment_type":"1","fare_amount":"5.5","extra":"1","mta_tax":"0.5","tip_amount":"1.46","tolls_amount":"0","improvement_surcharge":"0.3","total_amount":"8.76"}
,{"vendorid":"2","tpep_pickup_datetime":"2019-02-23T16:13:35.000","tpep_dropoff_datetime":"2019-02-23T16:19:34.000","passenger_count":"1","trip_distance":"0.86","ratecodeid":"1","store_and_fwd_flag":"N","pulocationid":"48","dolocationid":"246","payment_type":"1","fare_amount":"6","extra":"1","mta_tax":"0.5","tip_amount":"0","tolls_amount":"0","improvement_surcharge":"0.3","total_amount":"7.8"}
,{"vendorid":"2","tpep_pickup_datetime":"2019-02-19T22:24:28.000","tpep_dropoff_datetime":"2019-02-20T06:41:29.000","passenger_count":"1","trip_distance":"1.99","ratecodeid":"1","store_and_fwd_flag":"N","pulocationid":"161","dolocationid":"142","payment_type":"2","fare_amount":"12","extra":"0","mta_tax":"0.5","tip_amount":"0","tolls_amount":"0","improvement_surcharge":"0.3","total_amount":"12.8"}
,{"vendorid":"2","tpep_pickup_datetime":"2019-02-19T21:55:07.000","tpep_dropoff_datetime":"2019-02-19T22:05:07.000","passenger_count":"1","trip_distance":"1.17","ratecodeid":"1","store_and_fwd_flag":"N","pulocationid":"161","dolocationid":"186","payment_type":"1","fare_amount":"8","extra":"0","mta_tax":"0.5","tip_amount":"2.2","tolls_amount":"0","improvement_surcharge":"0.3","total_amount":"11"}
,{"vendorid":"2","tpep_pickup_datetime":"2019-02-19T16:32:12.000","tpep_dropoff_datetime":"2019-02-19T16:35:28.000","passenger_count":"2","trip_distance":"0.63","ratecodeid":"1","store_and_fwd_flag":"N","pulocationid":"238","dolocationid":"239","payment_type":"1","fare_amount":"4.5","extra":"0","mta_tax":"0.5","tip_amount":"1.06","tolls_amount":"0","improvement_surcharge":"0.3","total_amount":"6.36"}
,{"vendorid":"2","tpep_pickup_datetime":"2019-02-19T16:25:54.000","tpep_dropoff_datetime":"2019-02-19T16:29:27.000","passenger_count":"2","trip_distance":"0.62","ratecodeid":"1","store_and_fwd_flag":"N","pulocationid":"238","dolocationid":"238","payment_type":"1","fare_amount":"4.5","extra":"0","mta_tax":"0.5","tip_amount":"1.06","tolls_amount":"0","improvement_surcharge":"0.3","total_amount":"6.36"}
,{"vendorid":"2","tpep_pickup_datetime":"2019-02-19T14:54:33.000","tpep_dropoff_datetime":"2019-02-19T23:08:12.000","passenger_count":"1","trip_distance":"1.39","ratecodeid":"1","store_and_fwd_flag":"N","pulocationid":"229","dolocationid":"170","payment_type":"2","fare_amount":"9.5","extra":"0","mta_tax":"0.5","tip_amount":"0","tolls_amount":"0","improvement_surcharge":"0.3","total_amount":"10.3"}
,{"vendorid":"2","tpep_pickup_datetime":"2019-02-13T23:06:39.000","tpep_dropoff_datetime":"2019-02-13T23:13:37.000","passenger_count":"1","trip_distance":"0.74","ratecodeid":"1","store_and_fwd_flag":"N","pulocationid":"142","dolocationid":"142","payment_type":"1","fare_amount":"6","extra":"0","mta_tax":"0.5","tip_amount":"1.36","tolls_amount":"0","improvement_surcharge":"0.3","total_amount":"8.16"}
,{"vendorid":"2","tpep_pickup_datetime":"2019-02-13T22:50:16.000","tpep_dropoff_datetime":"2019-02-13T23:02:23.000","passenger_count":"1","trip_distance":"0.73","ratecodeid":"1","store_and_fwd_flag":"N","pulocationid":"142","dolocationid":"142","payment_type":"1","fare_amount":"8.5","extra":"0","mta_tax":"0.5","tip_amount":"1.86","tolls_amount":"0","improvement_surcharge":"0.3","total_amount":"11.16"}
,{"vendorid":"2","tpep_pickup_datetime":"2019-02-13T22:34:52.000","tpep_dropoff_datetime":"2019-02-13T22:48:04.000","passenger_count":"1","trip_distance":"1.14","ratecodeid":"1","store_and_fwd_flag":"N","pulocationid":"162","dolocationid":"142","payment_type":"2","fare_amount":"9.5","extra":"0","mta_tax":"0.5","tip_amount":"0","tolls_amount":"0","improvement_surcharge":"0.3","total_amount":"10.3"}
,{"vendorid":"2","tpep_pickup_datetime":"2019-02-13T06:20:00.000","tpep_dropoff_datetime":"2019-02-13T06:29:04.000","passenger_count":"6","trip_distance":"1.52","ratecodeid":"1","store_and_fwd_flag":"N","pulocationid":"186","dolocationid":"137","payment_type":"1","fare_amount":"8","extra":"0.5","mta_tax":"0.5","tip_amount":"1.86","tolls_amount":"0","improvement_surcharge":"0.3","total_amount":"11.16"}
,{"vendorid":"2","tpep_pickup_datetime":"2019-02-11T04:39:43.000","tpep_dropoff_datetime":"2019-02-11T05:00:11.000","passenger_count":"2","trip_distance":"8.32","ratecodeid":"1","store_and_fwd_flag":"N","pulocationid":"13","dolocationid":"236","payment_type":"1","fare_amount":"25.5","extra":"0","mta_tax":"0.5","tip_amount":"2","tolls_amount":"0","improvement_surcharge":"0.3","total_amount":"30.25"}
,{"vendorid":"2","tpep_pickup_datetime":"2019-02-10T11:36:02.000","tpep_dropoff_datetime":"2019-02-10T11:47:02.000","passenger_count":"1","trip_distance":"2.33","ratecodeid":"1","store_and_fwd_flag":"N","pulocationid":"107","dolocationid":"232","payment_type":"2","fare_amount":"10","extra":"0","mta_tax":"0.5","tip_amount":"0","tolls_amount":"0","improvement_surcharge":"0.3","total_amount":"10.8"}
,{"vendorid":"2","tpep_pickup_datetime":"2019-02-09T19:40:19.000","tpep_dropoff_datetime":"2019-02-09T19:47:29.000","passenger_count":"1","trip_distance":"0.75","ratecodeid":"1","store_and_fwd_flag":"N","pulocationid":"161","dolocationid":"163","payment_type":"1","fare_amount":"6","extra":"0","mta_tax":"0.5","tip_amount":"1.36","tolls_amount":"0","improvement_surcharge":"0.3","total_amount":"8.16"}
,{"vendorid":"2","tpep_pickup_datetime":"2019-02-09T19:33:55.000","tpep_dropoff_datetime":"2019-02-09T19:38:54.000","passenger_count":"1","trip_distance":"0.80","ratecodeid":"1","store_and_fwd_flag":"N","pulocationid":"164","dolocationid":"161","payment_type":"1","fare_amount":"5.5","extra":"0","mta_tax":"0.5","tip_amount":"1.26","tolls_amount":"0","improvement_surcharge":"0.3","total_amount":"7.56"}
,{"vendorid":"2","tpep_pickup_datetime":"2019-02-08T17:35:27.000","tpep_dropoff_datetime":"2019-02-09T00:53:56.000","passenger_count":"5","trip_distance":"2.61","ratecodeid":"1","store_and_fwd_flag":"N","pulocationid":"70","dolocationid":"129","payment_type":"2","fare_amount":"12","extra":"1","mta_tax":"0.5","tip_amount":"0","tolls_amount":"0","improvement_surcharge":"0.3","total_amount":"13.8"}
,{"vendorid":"2","tpep_pickup_datetime":"2019-02-08T16:09:17.000","tpep_dropoff_datetime":"2019-02-08T16:19:28.000","passenger_count":"1","trip_distance":"1.65","ratecodeid":"1","store_and_fwd_flag":"N","pulocationid":"211","dolocationid":"90","payment_type":"2","fare_amount":"9","extra":"1","mta_tax":"0.5","tip_amount":"0","tolls_amount":"0","improvement_surcharge":"0.3","total_amount":"10.8"}
,{"vendorid":"2","tpep_pickup_datetime":"2019-02-06T23:34:30.000","tpep_dropoff_datetime":"2019-02-06T23:55:43.000","passenger_count":"5","trip_distance":"1.95","ratecodeid":"1","store_and_fwd_flag":"N","pulocationid":"161","dolocationid":"48","payment_type":"1","fare_amount":"14","extra":"1","mta_tax":"0.5","tip_amount":"3.16","tolls_amount":"0","improvement_surcharge":"0.3","total_amount":"18.96"}
,{"vendorid":"2","tpep_pickup_datetime":"2019-02-06T23:13:25.000","tpep_dropoff_datetime":"2019-02-06T23:19:19.000","passenger_count":"5","trip_distance":"0.76","ratecodeid":"1","store_and_fwd_flag":"N","pulocationid":"48","dolocationid":"170","payment_type":"1","fare_amount":"6","extra":"1","mta_tax":"0.5","tip_amount":"1.56","tolls_amount":"0","improvement_surcharge":"0.3","total_amount":"9.36"}
,{"vendorid":"2","tpep_pickup_datetime":"2019-02-06T23:01:28.000","tpep_dropoff_datetime":"2019-02-06T23:11:35.000","passenger_count":"5","trip_distance":"0.78","ratecodeid":"1","store_and_fwd_flag":"N","pulocationid":"164","dolocationid":"230","payment_type":"1","fare_amount":"7.5","extra":"1","mta_tax":"0.5","tip_amount":"2.32","tolls_amount":"0","improvement_surcharge":"0.3","total_amount":"11.62"}
,{"vendorid":"2","tpep_pickup_datetime":"2019-02-03T23:33:42.000","tpep_dropoff_datetime":"2019-02-04T07:09:55.000","passenger_count":"2","trip_distance":"18.13","ratecodeid":"2","store_and_fwd_flag":"N","pulocationid":"132","dolocationid":"42","payment_type":"1","fare_amount":"52","extra":"0","mta_tax":"0.5","tip_amount":"11.71","tolls_amount":"5.76","improvement_surcharge":"0.3","total_amount":"70.27"}
,{"vendorid":"2","tpep_pickup_datetime":"2019-02-02T21:52:47.000","tpep_dropoff_datetime":"2019-02-03T05:12:52.000","passenger_count":"1","trip_distance":"2.18","ratecodeid":"1","store_and_fwd_flag":"N","pulocationid":"140","dolocationid":"164","payment_type":"1","fare_amount":"13.5","extra":"0.5","mta_tax":"0.5","tip_amount":"1","tolls_amount":"0","improvement_surcharge":"0.3","total_amount":"15.8"}
,{"vendorid":"2","tpep_pickup_datetime":"2019-02-02T21:16:07.000","tpep_dropoff_datetime":"2019-02-02T21:32:46.000","passenger_count":"1","trip_distance":"1.60","ratecodeid":"1","store_and_fwd_flag":"N","pulocationid":"140","dolocationid":"162","payment_type":"2","fare_amount":"11.5","extra":"0.5","mta_tax":"0.5","tip_amount":"0","tolls_amount":"0","improvement_surcharge":"0.3","total_amount":"12.8"}
,{"vendorid":"2","tpep_pickup_datetime":"2019-02-02T08:51:51.000","tpep_dropoff_datetime":"2019-02-02T08:58:07.000","passenger_count":"1","trip_distance":"1.62","ratecodeid":"1","store_and_fwd_flag":"N","pulocationid":"246","dolocationid":"143","payment_type":"1","fare_amount":"7","extra":"1","mta_tax":"0.5","tip_amount":"1","tolls_amount":"0","improvement_surcharge":"0.3","total_amount":"9.8"}
,{"vendorid":"2","tpep_pickup_datetime":"2019-01-31T14:44:28.000","tpep_dropoff_datetime":"2019-01-31T15:01:28.000","passenger_count":"1","trip_distance":"5.88","ratecodeid":"1","store_and_fwd_flag":"N","pulocationid":"90","dolocationid":"146","payment_type":"1","fare_amount":"18.5","extra":"0.5","mta_tax":"0.5","tip_amount":"0","tolls_amount":"0","improvement_surcharge":"0.3","total_amount":"19.8"}
,{"vendorid":"2","tpep_pickup_datetime":"2019-01-29T14:13:01.000","tpep_dropoff_datetime":"2019-01-29T14:21:47.000","passenger_count":"1","trip_distance":"0.82","ratecodeid":"1","store_and_fwd_flag":"N","pulocationid":"211","dolocationid":"144","payment_type":"1","fare_amount":"7","extra":"0","mta_tax":"0.5","tip_amount":"1.56","tolls_amount":"0","improvement_surcharge":"0.3","total_amount":"9.36"}
,{"vendorid":"2","tpep_pickup_datetime":"2019-01-29T13:55:44.000","tpep_dropoff_datetime":"2019-01-29T14:08:49.000","passenger_count":"1","trip_distance":"1.69","ratecodeid":"1","store_and_fwd_flag":"N","pulocationid":"79","dolocationid":"211","payment_type":"1","fare_amount":"9.5","extra":"0","mta_tax":"0.5","tip_amount":"3.09","tolls_amount":"0","improvement_surcharge":"0.3","total_amount":"13.39"}
,{"vendorid":"2","tpep_pickup_datetime":"2019-01-29T09:10:23.000","tpep_dropoff_datetime":"2019-01-29T09:16:47.000","passenger_count":"2","trip_distance":"1.81","ratecodeid":"1","store_and_fwd_flag":"N","pulocationid":"43","dolocationid":"151","payment_type":"2","fare_amount":"7.5","extra":"0","mta_tax":"0.5","tip_amount":"0","tolls_amount":"0","improvement_surcharge":"0.3","total_amount":"8.3"}
,{"vendorid":"2","tpep_pickup_datetime":"2019-01-29T08:35:47.000","tpep_dropoff_datetime":"2019-01-29T09:05:34.000","passenger_count":"2","trip_distance":"2.04","ratecodeid":"1","store_and_fwd_flag":"N","pulocationid":"74","dolocationid":"41","payment_type":"2","fare_amount":"18","extra":"0","mta_tax":"0.5","tip_amount":"0","tolls_amount":"0","improvement_surcharge":"0.3","total_amount":"18.8"}
,{"vendorid":"2","tpep_pickup_datetime":"2019-01-29T08:23:12.000","tpep_dropoff_datetime":"2019-01-29T08:32:44.000","passenger_count":"2","trip_distance":"2.18","ratecodeid":"1","store_and_fwd_flag":"N","pulocationid":"141","dolocationid":"74","payment_type":"2","fare_amount":"9.5","extra":"0","mta_tax":"0.5","tip_amount":"0","tolls_amount":"0","improvement_surcharge":"0.3","total_amount":"10.3"}
,{"vendorid":"2","tpep_pickup_datetime":"2019-01-29T06:57:55.000","tpep_dropoff_datetime":"2019-01-29T14:21:19.000","passenger_count":"1","trip_distance":"2.61","ratecodeid":"1","store_and_fwd_flag":"N","pulocationid":"239","dolocationid":"162","payment_type":"2","fare_amount":"15","extra":"0","mta_tax":"0.5","tip_amount":"0","tolls_amount":"0","improvement_surcharge":"0.3","total_amount":"15.8"}
,{"vendorid":"2","tpep_pickup_datetime":"2019-01-29T06:29:17.000","tpep_dropoff_datetime":"2019-01-29T06:45:31.000","passenger_count":"1","trip_distance":"1.45","ratecodeid":"1","store_and_fwd_flag":"N","pulocationid":"163","dolocationid":"50","payment_type":"1","fare_amount":"11","extra":"0","mta_tax":"0.5","tip_amount":"2","tolls_amount":"0","improvement_surcharge":"0.3","total_amount":"13.8"}
,{"vendorid":"2","tpep_pickup_datetime":"2019-01-29T06:08:21.000","tpep_dropoff_datetime":"2019-01-29T06:28:14.000","passenger_count":"1","trip_distance":"1.53","ratecodeid":"1","store_and_fwd_flag":"N","pulocationid":"143","dolocationid":"237","payment_type":"1","fare_amount":"12.5","extra":"0","mta_tax":"0.5","tip_amount":"3.99","tolls_amount":"0","improvement_surcharge":"0.3","total_amount":"17.29"}
,{"vendorid":"2","tpep_pickup_datetime":"2019-01-26T03:16:01.000","tpep_dropoff_datetime":"2019-01-26T03:32:02.000","passenger_count":"1","trip_distance":"0.80","ratecodeid":"1","store_and_fwd_flag":"N","pulocationid":"230","dolocationid":"186","payment_type":"1","fare_amount":"10.5","extra":"0.5","mta_tax":"0.5","tip_amount":"2.36","tolls_amount":"0","improvement_surcharge":"0.3","total_amount":"14.16"}
,{"vendorid":"2","tpep_pickup_datetime":"2019-01-26T03:02:46.000","tpep_dropoff_datetime":"2019-01-26T03:14:38.000","passenger_count":"1","trip_distance":"1.73","ratecodeid":"1","store_and_fwd_flag":"N","pulocationid":"237","dolocationid":"230","payment_type":"2","fare_amount":"9.5","extra":"0.5","mta_tax":"0.5","tip_amount":"0","tolls_amount":"0","improvement_surcharge":"0.3","total_amount":"10.8"}
,{"vendorid":"2","tpep_pickup_datetime":"2019-01-23T15:11:02.000","tpep_dropoff_datetime":"2019-01-23T22:30:05.000","passenger_count":"1","trip_distance":"1.09","ratecodeid":"1","store_and_fwd_flag":"N","pulocationid":"237","dolocationid":"162","payment_type":"1","fare_amount":"11.5","extra":"0","mta_tax":"0.5","tip_amount":"2.46","tolls_amount":"0","improvement_surcharge":"0.3","total_amount":"14.76"}
,{"vendorid":"2","tpep_pickup_datetime":"2019-01-23T14:30:45.000","tpep_dropoff_datetime":"2019-01-23T15:09:58.000","passenger_count":"1","trip_distance":"3.75","ratecodeid":"1","store_and_fwd_flag":"N","pulocationid":"249","dolocationid":"237","payment_type":"1","fare_amount":"23.5","extra":"0","mta_tax":"0.5","tip_amount":"6.08","tolls_amount":"0","improvement_surcharge":"0.3","total_amount":"30.38"}
,{"vendorid":"2","tpep_pickup_datetime":"2019-01-22T22:45:42.000","tpep_dropoff_datetime":"2019-01-23T06:07:36.000","passenger_count":"1","trip_distance":"5.64","ratecodeid":"1","store_and_fwd_flag":"N","pulocationid":"239","dolocationid":"231","payment_type":"2","fare_amount":"19.5","extra":"0.5","mta_tax":"0.5","tip_amount":"0","tolls_amount":"0","improvement_surcharge":"0.3","total_amount":"20.8"}
,{"vendorid":"2","tpep_pickup_datetime":"2019-01-22T22:25:16.000","tpep_dropoff_datetime":"2019-01-22T22:36:07.000","passenger_count":"6","trip_distance":"3.61","ratecodeid":"1","store_and_fwd_flag":"N","pulocationid":"48","dolocationid":"24","payment_type":"1","fare_amount":"12.5","extra":"0.5","mta_tax":"0.5","tip_amount":"2.76","tolls_amount":"0","improvement_surcharge":"0.3","total_amount":"16.56"}
,{"vendorid":"2","tpep_pickup_datetime":"2019-01-22T22:16:11.000","tpep_dropoff_datetime":"2019-01-22T22:19:14.000","passenger_count":"6","trip_distance":"0.59","ratecodeid":"1","store_and_fwd_flag":"N","pulocationid":"234","dolocationid":"164","payment_type":"2","fare_amount":"4.5","extra":"0.5","mta_tax":"0.5","tip_amount":"0","tolls_amount":"0","improvement_surcharge":"0.3","total_amount":"5.8"}
,{"vendorid":"2","tpep_pickup_datetime":"2019-01-22T22:02:13.000","tpep_dropoff_datetime":"2019-01-22T22:13:30.000","passenger_count":"6","trip_distance":"2.56","ratecodeid":"1","store_and_fwd_flag":"N","pulocationid":"141","dolocationid":"234","payment_type":"1","fare_amount":"10.5","extra":"0.5","mta_tax":"0.5","tip_amount":"2.36","tolls_amount":"0","improvement_surcharge":"0.3","total_amount":"14.16"}
,{"vendorid":"2","tpep_pickup_datetime":"2019-01-22T12:02:33.000","tpep_dropoff_datetime":"2019-01-22T12:08:29.000","passenger_count":"1","trip_distance":"0.72","ratecodeid":"1","store_and_fwd_flag":"N","pulocationid":"4","dolocationid":"148","payment_type":"1","fare_amount":"5.5","extra":"0","mta_tax":"0.5","tip_amount":"1.13","tolls_amount":"0","improvement_surcharge":"0.3","total_amount":"9.38"}
,{"vendorid":"2","tpep_pickup_datetime":"2019-01-20T20:44:16.000","tpep_dropoff_datetime":"2019-01-20T20:53:07.000","passenger_count":"2","trip_distance":"1.24","ratecodeid":"1","store_and_fwd_flag":"N","pulocationid":"114","dolocationid":"79","payment_type":"2","fare_amount":"7.5","extra":"0","mta_tax":"0.5","tip_amount":"0","tolls_amount":"0","improvement_surcharge":"0.3","total_amount":"8.3"}
,{"vendorid":"2","tpep_pickup_datetime":"2019-01-20T08:44:46.000","tpep_dropoff_datetime":"2019-01-20T16:04:10.000","passenger_count":"5","trip_distance":"8.82","ratecodeid":"1","store_and_fwd_flag":"N","pulocationid":"138","dolocationid":"141","payment_type":"1","fare_amount":"26","extra":"0","mta_tax":"0.5","tip_amount":"8.14","tolls_amount":"5.76","improvement_surcharge":"0.3","total_amount":"40.7"}
,{"vendorid":"2","tpep_pickup_datetime":"2019-01-19T11:46:53.000","tpep_dropoff_datetime":"2019-01-19T19:18:23.000","passenger_count":"1","trip_distance":"1.73","ratecodeid":"1","store_and_fwd_flag":"N","pulocationid":"186","dolocationid":"162","payment_type":"2","fare_amount":"18","extra":"0","mta_tax":"0.5","tip_amount":"0","tolls_amount":"0","improvement_surcharge":"0.3","total_amount":"18.8"}
,{"vendorid":"2","tpep_pickup_datetime":"2019-01-19T11:13:20.000","tpep_dropoff_datetime":"2019-01-19T11:33:18.000","passenger_count":"1","trip_distance":"1.29","ratecodeid":"1","store_and_fwd_flag":"N","pulocationid":"162","dolocationid":"100","payment_type":"1","fare_amount":"12.5","extra":"0","mta_tax":"0.5","tip_amount":"2.66","tolls_amount":"0","improvement_surcharge":"0.3","total_amount":"15.96"}
,{"vendorid":"2","tpep_pickup_datetime":"2019-01-19T08:40:03.000","tpep_dropoff_datetime":"2019-01-19T15:55:11.000","passenger_count":"1","trip_distance":"1.90","ratecodeid":"1","store_and_fwd_flag":"N","pulocationid":"237","dolocationid":"239","payment_type":"1","fare_amount":"10.5","extra":"0","mta_tax":"0.5","tip_amount":"1.2","tolls_amount":"0","improvement_surcharge":"0.3","total_amount":"12.5"}
,{"vendorid":"2","tpep_pickup_datetime":"2019-01-19T08:10:24.000","tpep_dropoff_datetime":"2019-01-19T08:16:52.000","passenger_count":"1","trip_distance":"0.76","ratecodeid":"1","store_and_fwd_flag":"N","pulocationid":"163","dolocationid":"142","payment_type":"1","fare_amount":"6","extra":"0","mta_tax":"0.5","tip_amount":"1.36","tolls_amount":"0","improvement_surcharge":"0.3","total_amount":"8.16"}
,{"vendorid":"2","tpep_pickup_datetime":"2019-01-19T07:58:42.000","tpep_dropoff_datetime":"2019-01-19T08:08:37.000","passenger_count":"1","trip_distance":"0.99","ratecodeid":"1","store_and_fwd_flag":"N","pulocationid":"142","dolocationid":"163","payment_type":"1","fare_amount":"7.5","extra":"0","mta_tax":"0.5","tip_amount":"1.66","tolls_amount":"0","improvement_surcharge":"0.3","total_amount":"9.96"}
,{"vendorid":"2","tpep_pickup_datetime":"2019-01-19T07:51:46.000","tpep_dropoff_datetime":"2019-01-19T07:56:40.000","passenger_count":"1","trip_distance":"0.69","ratecodeid":"1","store_and_fwd_flag":"N","pulocationid":"237","dolocationid":"142","payment_type":"1","fare_amount":"5.5","extra":"0","mta_tax":"0.5","tip_amount":"0","tolls_amount":"0","improvement_surcharge":"0.3","total_amount":"6.3"}
,{"vendorid":"2","tpep_pickup_datetime":"2019-01-18T09:07:09.000","tpep_dropoff_datetime":"2019-01-18T09:32:00.000","passenger_count":"5","trip_distance":"8.21","ratecodeid":"1","store_and_fwd_flag":"N","pulocationid":"138","dolocationid":"263","payment_type":"1","fare_amount":"26.5","extra":"1","mta_tax":"0.5","tip_amount":"8.52","tolls_amount":"5.76","improvement_surcharge":"0.3","total_amount":"42.58"}
,{"vendorid":"2","tpep_pickup_datetime":"2019-01-18T08:20:01.000","tpep_dropoff_datetime":"2019-01-18T15:55:31.000","passenger_count":"1","trip_distance":"6.06","ratecodeid":"1","store_and_fwd_flag":"N","pulocationid":"237","dolocationid":"231","payment_type":"1","fare_amount":"25.5","extra":"0","mta_tax":"0.5","tip_amount":"5.26","tolls_amount":"0","improvement_surcharge":"0.3","total_amount":"31.56"}
,{"vendorid":"2","tpep_pickup_datetime":"2019-01-18T08:08:37.000","tpep_dropoff_datetime":"2019-01-18T08:18:19.000","passenger_count":"1","trip_distance":"1.66","ratecodeid":"1","store_and_fwd_flag":"N","pulocationid":"142","dolocationid":"237","payment_type":"1","fare_amount":"8.5","extra":"0","mta_tax":"0.5","tip_amount":"2.32","tolls_amount":"0","improvement_surcharge":"0.3","total_amount":"11.62"}
,{"vendorid":"2","tpep_pickup_datetime":"2019-01-16T15:05:00.000","tpep_dropoff_datetime":"2019-01-16T15:59:50.000","passenger_count":"5","trip_distance":"16.78","ratecodeid":"2","store_and_fwd_flag":"N","pulocationid":"132","dolocationid":"164","payment_type":"1","fare_amount":"52","extra":"4.5","mta_tax":"0.5","tip_amount":"11","tolls_amount":"5.76","improvement_surcharge":"0.3","total_amount":"74.06"}
,{"vendorid":"2","tpep_pickup_datetime":"2019-01-13T15:25:51.000","tpep_dropoff_datetime":"2019-01-13T15:40:05.000","passenger_count":"2","trip_distance":"3.47","ratecodeid":"1","store_and_fwd_flag":"N","pulocationid":"162","dolocationid":"7","payment_type":"1","fare_amount":"12.5","extra":"0.5","mta_tax":"0.5","tip_amount":"2.76","tolls_amount":"0","improvement_surcharge":"0.3","total_amount":"16.56"}
,{"vendorid":"2","tpep_pickup_datetime":"2019-01-13T15:01:15.000","tpep_dropoff_datetime":"2019-01-13T15:08:10.000","passenger_count":"2","trip_distance":"1.05","ratecodeid":"1","store_and_fwd_flag":"N","pulocationid":"114","dolocationid":"107","payment_type":"1","fare_amount":"6.5","extra":"0.5","mta_tax":"0.5","tip_amount":"1","tolls_amount":"0","improvement_surcharge":"0.3","total_amount":"8.8"}
,{"vendorid":"2","tpep_pickup_datetime":"2019-01-12T13:49:57.000","tpep_dropoff_datetime":"2019-01-12T13:54:07.000","passenger_count":"1","trip_distance":"0.79","ratecodeid":"1","store_and_fwd_flag":"N","pulocationid":"262","dolocationid":"236","payment_type":"2","fare_amount":"5","extra":"0.5","mta_tax":"0.5","tip_amount":"0","tolls_amount":"0","improvement_surcharge":"0.3","total_amount":"6.3"}
,{"vendorid":"2","tpep_pickup_datetime":"2019-01-12T13:36:49.000","tpep_dropoff_datetime":"2019-01-12T13:44:45.000","passenger_count":"1","trip_distance":"1.35","ratecodeid":"1","store_and_fwd_flag":"N","pulocationid":"236","dolocationid":"262","payment_type":"2","fare_amount":"7.5","extra":"0.5","mta_tax":"0.5","tip_amount":"0","tolls_amount":"0","improvement_surcharge":"0.3","total_amount":"8.8"}
,{"vendorid":"2","tpep_pickup_datetime":"2019-01-12T13:26:28.000","tpep_dropoff_datetime":"2019-01-12T13:33:36.000","passenger_count":"1","trip_distance":"1.32","ratecodeid":"1","store_and_fwd_flag":"N","pulocationid":"140","dolocationid":"237","payment_type":"1","fare_amount":"7","extra":"0.5","mta_tax":"0.5","tip_amount":"1.66","tolls_amount":"0","improvement_surcharge":"0.3","total_amount":"9.96"}
,{"vendorid":"2","tpep_pickup_datetime":"2019-01-12T00:32:19.000","tpep_dropoff_datetime":"2019-01-12T08:14:24.000","passenger_count":"1","trip_distance":"11.62","ratecodeid":"1","store_and_fwd_flag":"N","pulocationid":"236","dolocationid":"200","payment_type":"1","fare_amount":"37.5","extra":"1","mta_tax":"0.5","tip_amount":"10.48","tolls_amount":"2.64","improvement_surcharge":"0.3","total_amount":"52.42"}
,{"vendorid":"2","tpep_pickup_datetime":"2019-01-10T07:11:34.000","tpep_dropoff_datetime":"2019-01-10T14:30:48.000","passenger_count":"1","trip_distance":"5.15","ratecodeid":"1","store_and_fwd_flag":"N","pulocationid":"48","dolocationid":"13","payment_type":"2","fare_amount":"18","extra":"0.5","mta_tax":"0.5","tip_amount":"0","tolls_amount":"0","improvement_surcharge":"0.3","total_amount":"19.3"}
,{"vendorid":"2","tpep_pickup_datetime":"2019-01-10T06:22:07.000","tpep_dropoff_datetime":"2019-01-10T06:29:06.000","passenger_count":"1","trip_distance":"2.00","ratecodeid":"1","store_and_fwd_flag":"N","pulocationid":"162","dolocationid":"236","payment_type":"1","fare_amount":"8.5","extra":"0.5","mta_tax":"0.5","tip_amount":"2.45","tolls_amount":"0","improvement_surcharge":"0.3","total_amount":"12.25"}
,{"vendorid":"2","tpep_pickup_datetime":"2019-01-08T06:24:07.000","tpep_dropoff_datetime":"2019-01-08T13:53:33.000","passenger_count":"1","trip_distance":"2.52","ratecodeid":"1","store_and_fwd_flag":"N","pulocationid":"246","dolocationid":"79","payment_type":"2","fare_amount":"18.5","extra":"0","mta_tax":"0.5","tip_amount":"0","tolls_amount":"0","improvement_surcharge":"0.3","total_amount":"19.3"}
,{"vendorid":"2","tpep_pickup_datetime":"2019-01-08T06:04:05.000","tpep_dropoff_datetime":"2019-01-08T06:22:20.000","passenger_count":"1","trip_distance":"2.26","ratecodeid":"1","store_and_fwd_flag":"N","pulocationid":"142","dolocationid":"246","payment_type":"1","fare_amount":"13.5","extra":"0","mta_tax":"0.5","tip_amount":"2.86","tolls_amount":"0","improvement_surcharge":"0.3","total_amount":"17.16"}
,{"vendorid":"2","tpep_pickup_datetime":"2019-01-08T05:34:33.000","tpep_dropoff_datetime":"2019-01-08T05:42:35.000","passenger_count":"1","trip_distance":"1.01","ratecodeid":"1","store_and_fwd_flag":"N","pulocationid":"100","dolocationid":"50","payment_type":"1","fare_amount":"7","extra":"0","mta_tax":"0.5","tip_amount":"1.56","tolls_amount":"0","improvement_surcharge":"0.3","total_amount":"9.36"}
,{"vendorid":"2","tpep_pickup_datetime":"2019-01-08T00:57:26.000","tpep_dropoff_datetime":"2019-01-08T01:18:15.000","passenger_count":"2","trip_distance":"2.84","ratecodeid":"1","store_and_fwd_flag":"N","pulocationid":"186","dolocationid":"141","payment_type":"1","fare_amount":"14.5","extra":"0","mta_tax":"0.5","tip_amount":"3.06","tolls_amount":"0","improvement_surcharge":"0.3","total_amount":"18.36"}
,{"vendorid":"2","tpep_pickup_datetime":"2019-01-08T00:38:28.000","tpep_dropoff_datetime":"2019-01-08T00:54:37.000","passenger_count":"2","trip_distance":"2.07","ratecodeid":"1","store_and_fwd_flag":"N","pulocationid":"229","dolocationid":"186","payment_type":"2","fare_amount":"12","extra":"0","mta_tax":"0.5","tip_amount":"0","tolls_amount":"0","improvement_surcharge":"0.3","total_amount":"12.8"}
,{"vendorid":"2","tpep_pickup_datetime":"2019-01-08T00:27:41.000","tpep_dropoff_datetime":"2019-01-08T00:37:27.000","passenger_count":"2","trip_distance":"1.43","ratecodeid":"1","store_and_fwd_flag":"N","pulocationid":"263","dolocationid":"229","payment_type":"2","fare_amount":"8.5","extra":"0","mta_tax":"0.5","tip_amount":"0","tolls_amount":"0","improvement_surcharge":"0.3","total_amount":"9.3"}
,{"vendorid":"2","tpep_pickup_datetime":"2019-01-07T22:46:09.000","tpep_dropoff_datetime":"2019-01-08T06:05:23.000","passenger_count":"1","trip_distance":"1.76","ratecodeid":"1","store_and_fwd_flag":"N","pulocationid":"186","dolocationid":"143","payment_type":"1","fare_amount":"12.5","extra":"0","mta_tax":"0.5","tip_amount":"2.66","tolls_amount":"0","improvement_surcharge":"0.3","total_amount":"15.96"}
,{"vendorid":"2","tpep_pickup_datetime":"2019-01-04T19:43:17.000","tpep_dropoff_datetime":"2019-01-05T02:59:57.000","passenger_count":"1","trip_distance":"3.18","ratecodeid":"1","store_and_fwd_flag":"N","pulocationid":"234","dolocationid":"141","payment_type":"1","fare_amount":"13","extra":"0.5","mta_tax":"0.5","tip_amount":"4.29","tolls_amount":"0","improvement_surcharge":"0.3","total_amount":"18.59"}
,{"vendorid":"2","tpep_pickup_datetime":"2019-01-04T19:07:07.000","tpep_dropoff_datetime":"2019-01-04T19:29:00.000","passenger_count":"1","trip_distance":"2.13","ratecodeid":"1","store_and_fwd_flag":"N","pulocationid":"4","dolocationid":"68","payment_type":"2","fare_amount":"14","extra":"0.5","mta_tax":"0.5","tip_amount":"0","tolls_amount":"0","improvement_surcharge":"0.3","total_amount":"15.3"}
,{"vendorid":"2","tpep_pickup_datetime":"2019-01-02T06:34:26.000","tpep_dropoff_datetime":"2019-01-02T14:23:44.000","passenger_count":"1","trip_distance":"6.36","ratecodeid":"1","store_and_fwd_flag":"N","pulocationid":"236","dolocationid":"249","payment_type":"1","fare_amount":"31","extra":"0","mta_tax":"0.5","tip_amount":"9.54","tolls_amount":"0","improvement_surcharge":"0.3","total_amount":"41.34"}
,{"vendorid":"2","tpep_pickup_datetime":"2019-01-02T00:38:17.000","tpep_dropoff_datetime":"2019-01-02T01:10:21.000","passenger_count":"1","trip_distance":"6.09","ratecodeid":"1","store_and_fwd_flag":"N","pulocationid":"88","dolocationid":"112","payment_type":"1","fare_amount":"25","extra":"0.5","mta_tax":"0.5","tip_amount":"7.89","tolls_amount":"0","improvement_surcharge":"0.3","total_amount":"34.19"}
,{"vendorid":"2","tpep_pickup_datetime":"2019-01-01T14:44:59.000","tpep_dropoff_datetime":"2019-01-01T21:58:48.000","passenger_count":"6","trip_distance":"3.04","ratecodeid":"1","store_and_fwd_flag":"N","pulocationid":"186","dolocationid":"141","payment_type":"1","fare_amount":"12.5","extra":"0.5","mta_tax":"0.5","tip_amount":"2.76","tolls_amount":"0","improvement_surcharge":"0.3","total_amount":"16.56"}
,{"vendorid":"2","tpep_pickup_datetime":"2019-01-01T14:26:08.000","tpep_dropoff_datetime":"2019-01-01T14:28:36.000","passenger_count":"6","trip_distance":"0.72","ratecodeid":"1","store_and_fwd_flag":"N","pulocationid":"148","dolocationid":"79","payment_type":"1","fare_amount":"4.5","extra":"0.5","mta_tax":"0.5","tip_amount":"1.45","tolls_amount":"0","improvement_surcharge":"0.3","total_amount":"7.25"}
,{"vendorid":"2","tpep_pickup_datetime":"2019-01-01T14:15:09.000","tpep_dropoff_datetime":"2019-01-01T14:21:27.000","passenger_count":"6","trip_distance":"0.80","ratecodeid":"1","store_and_fwd_flag":"N","pulocationid":"79","dolocationid":"148","payment_type":"1","fare_amount":"6","extra":"0.5","mta_tax":"0.5","tip_amount":"1.46","tolls_amount":"0","improvement_surcharge":"0.3","total_amount":"8.76"}
,{"vendorid":"2","tpep_pickup_datetime":"2019-01-01T13:59:16.000","tpep_dropoff_datetime":"2019-01-01T14:08:11.000","passenger_count":"6","trip_distance":"1.51","ratecodeid":"1","store_and_fwd_flag":"N","pulocationid":"68","dolocationid":"233","payment_type":"1","fare_amount":"8","extra":"0.5","mta_tax":"0.5","tip_amount":"2","tolls_amount":"0","improvement_surcharge":"0.3","total_amount":"11.3"}
,{"vendorid":"2","tpep_pickup_datetime":"2019-01-01T04:49:40.000","tpep_dropoff_datetime":"2019-01-01T04:57:28.000","passenger_count":"1","trip_distance":"1.22","ratecodeid":"1","store_and_fwd_flag":"N","pulocationid":"137","dolocationid":"4","payment_type":"2","fare_amount":"7","extra":"0","mta_tax":"0.5","tip_amount":"0","tolls_amount":"0","improvement_surcharge":"0.3","total_amount":"7.8"}
,{"vendorid":"2","tpep_pickup_datetime":"2019-01-01T04:36:53.000","tpep_dropoff_datetime":"2019-01-01T04:44:12.000","passenger_count":"1","trip_distance":"1.75","ratecodeid":"1","store_and_fwd_flag":"N","pulocationid":"233","dolocationid":"107","payment_type":"1","fare_amount":"8","extra":"0","mta_tax":"0.5","tip_amount":"1.76","tolls_amount":"0","improvement_surcharge":"0.3","total_amount":"10.56"}
,{"vendorid":"2","tpep_pickup_datetime":"2019-01-01T04:01:49.000","tpep_dropoff_datetime":"2019-01-01T04:20:05.000","passenger_count":"1","trip_distance":"2.61","ratecodeid":"1","store_and_fwd_flag":"N","pulocationid":"161","dolocationid":"114","payment_type":"1","fare_amount":"13","extra":"0","mta_tax":"0.5","tip_amount":"2.76","tolls_amount":"0","improvement_surcharge":"0.3","total_amount":"16.56"}
,{"vendorid":"2","tpep_pickup_datetime":"2019-01-01T00:59:19.000","tpep_dropoff_datetime":"2019-01-01T01:06:13.000","passenger_count":"2","trip_distance":"0.83","ratecodeid":"1","store_and_fwd_flag":"N","pulocationid":"229","dolocationid":"229","payment_type":"2","fare_amount":"6","extra":"0.5","mta_tax":"0.5","tip_amount":"0","tolls_amount":"0","improvement_surcharge":"0.3","total_amount":"7.3"}
,{"vendorid":"2","tpep_pickup_datetime":"2019-01-01T00:46:49.000","tpep_dropoff_datetime":"2019-01-01T00:51:22.000","passenger_count":"2","trip_distance":"0.95","ratecodeid":"1","store_and_fwd_flag":"N","pulocationid":"262","dolocationid":"237","payment_type":"2","fare_amount":"5.5","extra":"0.5","mta_tax":"0.5","tip_amount":"0","tolls_amount":"0","improvement_surcharge":"0.3","total_amount":"6.8"}
,{"vendorid":"2","tpep_pickup_datetime":"2019-01-01T00:44:31.000","tpep_dropoff_datetime":"2019-01-01T00:55:51.000","passenger_count":"2","trip_distance":"2.00","ratecodeid":"1","store_and_fwd_flag":"N","pulocationid":"239","dolocationid":"236","payment_type":"1","fare_amount":"10","extra":"0.5","mta_tax":"0.5","tip_amount":"2.26","tolls_amount":"0","improvement_surcharge":"0.3","total_amount":"13.56"}
,{"vendorid":"2","tpep_pickup_datetime":"2019-01-01T00:36:58.000","tpep_dropoff_datetime":"2019-01-01T00:43:00.000","passenger_count":"2","trip_distance":"1.22","ratecodeid":"1","store_and_fwd_flag":"N","pulocationid":"141","dolocationid":"262","payment_type":"1","fare_amount":"6.5","extra":"0.5","mta_tax":"0.5","tip_amount":"1.56","tolls_amount":"0","improvement_surcharge":"0.3","total_amount":"9.36"}
,{"vendorid":"2","tpep_pickup_datetime":"2019-01-01T00:27:46.000","tpep_dropoff_datetime":"2019-01-01T00:38:29.000","passenger_count":"2","trip_distance":"1.90","ratecodeid":"1","store_and_fwd_flag":"N","pulocationid":"236","dolocationid":"238","payment_type":"1","fare_amount":"9.5","extra":"0.5","mta_tax":"0.5","tip_amount":"2.16","tolls_amount":"0","improvement_surcharge":"0.3","total_amount":"12.96"}
,{"vendorid":"2","tpep_pickup_datetime":"2019-01-01T00:22:41.000","tpep_dropoff_datetime":"2019-01-01T00:32:06.000","passenger_count":"2","trip_distance":"1.41","ratecodeid":"1","store_and_fwd_flag":"N","pulocationid":"161","dolocationid":"140","payment_type":"1","fare_amount":"8","extra":"0.5","mta_tax":"0.5","tip_amount":"5","tolls_amount":"0","improvement_surcharge":"0.3","total_amount":"14.3"}
,{"vendorid":"2","tpep_pickup_datetime":"2019-01-01T00:21:16.000","tpep_dropoff_datetime":"2019-01-01T00:36:37.000","passenger_count":"1","trip_distance":"1.01","ratecodeid":"1","store_and_fwd_flag":"N","pulocationid":"237","dolocationid":"161","payment_type":"2","fare_amount":"10","extra":"0.5","mta_tax":"0.5","tip_amount":"0","tolls_amount":"0","improvement_surcharge":"0.3","total_amount":"11.3"}
,{"vendorid":"2","tpep_pickup_datetime":"2019-01-01T00:21:13.000","tpep_dropoff_datetime":"2019-01-01T00:39:44.000","passenger_count":"6","trip_distance":"2.21","ratecodeid":"1","store_and_fwd_flag":"N","pulocationid":"43","dolocationid":"48","payment_type":"1","fare_amount":"13","extra":"0.5","mta_tax":"0.5","tip_amount":"2.86","tolls_amount":"0","improvement_surcharge":"0.3","total_amount":"17.16"}
,{"vendorid":"2","tpep_pickup_datetime":"2019-01-01T00:08:37.000","tpep_dropoff_datetime":"2019-01-01T00:12:04.000","passenger_count":"5","trip_distance":"1.00","ratecodeid":"1","store_and_fwd_flag":"N","pulocationid":"141","dolocationid":"263","payment_type":"2","fare_amount":"5","extra":"0.5","mta_tax":"0.5","tip_amount":"0","tolls_amount":"0","improvement_surcharge":"0.3","total_amount":"6.3"}
,{"vendorid":"2","tpep_pickup_datetime":"2019-01-01T00:07:00.000","tpep_dropoff_datetime":"2019-01-01T00:27:30.000","passenger_count":"1","trip_distance":"3.27","ratecodeid":"1","store_and_fwd_flag":"N","pulocationid":"114","dolocationid":"50","payment_type":"1","fare_amount":"15.5","extra":"0.5","mta_tax":"0.5","tip_amount":"2","tolls_amount":"0","improvement_surcharge":"0.3","total_amount":"18.8"}
,{"vendorid":"2","tpep_pickup_datetime":"2019-01-01T00:06:51.000","tpep_dropoff_datetime":"2019-01-01T00:14:00.000","passenger_count":"1","trip_distance":"1.94","ratecodeid":"1","store_and_fwd_flag":"N","pulocationid":"88","dolocationid":"232","payment_type":"2","fare_amount":"8","extra":"0.5","mta_tax":"0.5","tip_amount":"0","tolls_amount":"0","improvement_surcharge":"0.3","total_amount":"9.3"}
,{"vendorid":"2","tpep_pickup_datetime":"2019-01-01T00:04:44.000","tpep_dropoff_datetime":"2019-01-01T00:14:40.000","passenger_count":"5","trip_distance":"3.20","ratecodeid":"1","store_and_fwd_flag":"N","pulocationid":"262","dolocationid":"170","payment_type":"1","fare_amount":"11","extra":"0.5","mta_tax":"0.5","tip_amount":"3.69","tolls_amount":"0","improvement_surcharge":"0.3","total_amount":"15.99"}
,{"vendorid":"2","tpep_pickup_datetime":"2019-01-01T00:04:32.000","tpep_dropoff_datetime":"2019-01-01T00:14:54.000","passenger_count":"6","trip_distance":"0.93","ratecodeid":"1","store_and_fwd_flag":"N","pulocationid":"164","dolocationid":"170","payment_type":"1","fare_amount":"7.5","extra":"0.5","mta_tax":"0.5","tip_amount":"1.76","tolls_amount":"0","improvement_surcharge":"0.3","total_amount":"10.56"}
,{"vendorid":"2","tpep_pickup_datetime":"2019-01-01T00:04:18.000","tpep_dropoff_datetime":"2019-01-01T00:11:09.000","passenger_count":"6","trip_distance":"0.88","ratecodeid":"1","store_and_fwd_flag":"N","pulocationid":"249","dolocationid":"144","payment_type":"1","fare_amount":"6","extra":"0.5","mta_tax":"0.5","tip_amount":"0","tolls_amount":"0","improvement_surcharge":"0.3","total_amount":"7.3"}
,{"vendorid":"2","tpep_pickup_datetime":"2019-01-01T00:04:05.000","tpep_dropoff_datetime":"2019-01-01T00:33:09.000","passenger_count":"1","trip_distance":"2.57","ratecodeid":"1","store_and_fwd_flag":"N","pulocationid":"234","dolocationid":"246","payment_type":"1","fare_amount":"18","extra":"0.5","mta_tax":"0.5","tip_amount":"3.86","tolls_amount":"0","improvement_surcharge":"0.3","total_amount":"23.16"}
,{"vendorid":"2","tpep_pickup_datetime":"2019-01-01T00:03:03.000","tpep_dropoff_datetime":"2019-01-01T00:36:19.000","passenger_count":"1","trip_distance":"3.69","ratecodeid":"1","store_and_fwd_flag":"N","pulocationid":"43","dolocationid":"90","payment_type":"1","fare_amount":"21.5","extra":"0.5","mta_tax":"0.5","tip_amount":"4.56","tolls_amount":"0","improvement_surcharge":"0.3","total_amount":"27.36"}
,{"vendorid":"2","tpep_pickup_datetime":"2019-01-01T00:02:55.000","tpep_dropoff_datetime":"2019-01-01T00:10:42.000","passenger_count":"1","trip_distance":"1.47","ratecodeid":"1","store_and_fwd_flag":"N","pulocationid":"152","dolocationid":"42","payment_type":"2","fare_amount":"7.5","extra":"0.5","mta_tax":"0.5","tip_amount":"0","tolls_amount":"0","improvement_surcharge":"0.3","total_amount":"8.8"}
,{"vendorid":"2","tpep_pickup_datetime":"2019-01-01T00:02:18.000","tpep_dropoff_datetime":"2019-01-01T00:05:11.000","passenger_count":"1","trip_distance":"0.57","ratecodeid":"1","store_and_fwd_flag":"N","pulocationid":"144","dolocationid":"144","payment_type":"1","fare_amount":"4","extra":"0.5","mta_tax":"0.5","tip_amount":"1.06","tolls_amount":"0","improvement_surcharge":"0.3","total_amount":"6.36"}
,{"vendorid":"2","tpep_pickup_datetime":"2019-01-01T00:01:47.000","tpep_dropoff_datetime":"2019-01-01T00:24:57.000","passenger_count":"1","trip_distance":"1.83","ratecodeid":"1","store_and_fwd_flag":"N","pulocationid":"161","dolocationid":"113","payment_type":"2","fare_amount":"14.5","extra":"0.5","mta_tax":"0.5","tip_amount":"0","tolls_amount":"0","improvement_surcharge":"0.3","total_amount":"15.8"}
,{"vendorid":"2","tpep_pickup_datetime":"2019-01-01T00:01:41.000","tpep_dropoff_datetime":"2019-01-01T00:07:46.000","passenger_count":"1","trip_distance":"1.19","ratecodeid":"1","store_and_fwd_flag":"N","pulocationid":"79","dolocationid":"224","payment_type":"2","fare_amount":"6.5","extra":"0.5","mta_tax":"0.5","tip_amount":"0","tolls_amount":"0","improvement_surcharge":"0.3","total_amount":"7.8"}]